panel,panel_title,model_key,model,group,condition,condition_id,metric,value,raw_value,metric_scale,replicate_id,replication_unit,source_artifact,ci95_low,ci95_high,n_replicates,coverage,gamma
(a),Synthetic Data Oracle Set Compatibility,causalfm,CausalFM,Causal foundation models,MasterSCM hidden confounding; Gamma=2; oracle set,,Oracle sensitivity-set inclusion rate,0.72,0.72,1.0,0,world (100 query units aggregated),MasterSCM/reports/hidden_track_panel_a_replacement/world_metrics_0_39.csv,,,,,2.0
(a),Synthetic Data Oracle Set Compatibility,causalfm,CausalFM,Causal foundation models,MasterSCM hidden confounding; Gamma=2; oracle set,,Oracle sensitivity-set inclusion rate,0.77,0.77,1.0,1,world (100 query units aggregated),MasterSCM/reports/hidden_track_panel_a_replacement/world_metrics_0_39.csv,,,,,2.0
(a),Synthetic Data Oracle Set Compatibility,causalfm,CausalFM,Causal foundation models,MasterSCM hidden confounding; Gamma=2; oracle set,,Oracle sensitivity-set inclusion rate,0.74,0.74,1.0,2,world (100 query units aggregated),MasterSCM/reports/hidden_track_panel_a_replacement/world_metrics_0_39.csv,,,,,2.0
(a),Synthetic Data Oracle Set Compatibility,causalfm,CausalFM,Causal foundation models,MasterSCM hidden confounding; Gamma=2; oracle set,,Oracle sensitivity-set inclusion rate,0.68,0.68,1.0,3,world (100 query units aggregated),MasterSCM/reports/hidden_track_panel_a_replacement/world_metrics_0_39.csv,,,,,2.0
(a),Synthetic Data Oracle Set Compatibility,causalfm,CausalFM,Causal foundation models,MasterSCM hidden confounding; Gamma=2; oracle set,,Oracle sensitivity-set inclusion rate,0.69,0.69,1.0,4,world (100 query units aggregated),MasterSCM/reports/hidden_track_panel_a_replacement/world_metrics_0_39.csv,,,,,2.0
(a),Synthetic Data Oracle Set Compatibility,causalfm,CausalFM,Causal foundation models,MasterSCM hidden confounding; Gamma=2; oracle set,,Oracle sensitivity-set inclusion rate,0.76,0.76,1.0,5,world (100 query units aggregated),MasterSCM/reports/hidden_track_panel_a_replacement/world_metrics_0_39.csv,,,,,2.0
(a),Synthetic Data Oracle Set Compatibility,causalfm,CausalFM,Causal foundation models,MasterSCM hidden confounding; Gamma=2; oracle set,,Oracle sensitivity-set inclusion rate,0.79,0.79,1.0,6,world (100 query units aggregated),MasterSCM/reports/hidden_track_panel_a_replacement/world_metrics_0_39.csv,,,,,2.0
(a),Synthetic Data Oracle Set Compatibility,causalfm,CausalFM,Causal foundation models,MasterSCM hidden confounding; Gamma=2; oracle set,,Oracle sensitivity-set inclusion rate,0.75,0.75,1.0,7,world (100 query units aggregated),MasterSCM/reports/hidden_track_panel_a_replacement/world_metrics_0_39.csv,,,,,2.0
(a),Synthetic Data Oracle Set Compatibility,causalfm,CausalFM,Causal foundation models,MasterSCM hidden confounding; Gamma=2; oracle set,,Oracle sensitivity-set inclusion rate,0.71,0.71,1.0,8,world (100 query units aggregated),MasterSCM/reports/hidden_track_panel_a_replacement/world_metrics_0_39.csv,,,,,2.0
(a),Synthetic Data Oracle Set Compatibility,causalfm,CausalFM,Causal foundation models,MasterSCM hidden confounding; Gamma=2; oracle set,,Oracle sensitivity-set inclusion rate,0.73,0.73,1.0,9,world (100 query units aggregated),MasterSCM/reports/hidden_track_panel_a_replacement/world_metrics_0_39.csv,,,,,2.0
(a),Synthetic Data Oracle Set Compatibility,causalfm,CausalFM,Causal foundation models,MasterSCM hidden confounding; Gamma=2; oracle set,,Oracle sensitivity-set inclusion rate,0.8,0.8,1.0,10,world (100 query units aggregated),MasterSCM/reports/hidden_track_panel_a_replacement/world_metrics_0_39.csv,,,,,2.0
(a),Synthetic Data Oracle Set Compatibility,causalfm,CausalFM,Causal foundation models,MasterSCM hidden confounding; Gamma=2; oracle set,,Oracle sensitivity-set inclusion rate,0.72,0.72,1.0,11,world (100 query units aggregated),MasterSCM/reports/hidden_track_panel_a_replacement/world_metrics_0_39.csv,,,,,2.0
(a),Synthetic Data Oracle Set Compatibility,causalfm,CausalFM,Causal foundation models,MasterSCM hidden confounding; Gamma=2; oracle set,,Oracle sensitivity-set inclusion rate,0.69,0.69,1.0,12,world (100 query units aggregated),MasterSCM/reports/hidden_track_panel_a_replacement/world_metrics_0_39.csv,,,,,2.0
(a),Synthetic Data Oracle Set Compatibility,causalfm,CausalFM,Causal foundation models,MasterSCM hidden confounding; Gamma=2; oracle set,,Oracle sensitivity-set inclusion rate,0.59,0.59,1.0,13,world (100 query units aggregated),MasterSCM/reports/hidden_track_panel_a_replacement/world_metrics_0_39.csv,,,,,2.0
(a),Synthetic Data Oracle Set Compatibility,causalfm,CausalFM,Causal foundation models,MasterSCM hidden confounding; Gamma=2; oracle set,,Oracle sensitivity-set inclusion rate,0.63,0.63,1.0,14,world (100 query units aggregated),MasterSCM/reports/hidden_track_panel_a_replacement/world_metrics_0_39.csv,,,,,2.0
(a),Synthetic Data Oracle Set Compatibility,causalfm,CausalFM,Causal foundation models,MasterSCM hidden confounding; Gamma=2; oracle set,,Oracle sensitivity-set inclusion rate,0.84,0.84,1.0,15,world (100 query units aggregated),MasterSCM/reports/hidden_track_panel_a_replacement/world_metrics_0_39.csv,,,,,2.0
(a),Synthetic Data Oracle Set Compatibility,causalfm,CausalFM,Causal foundation models,MasterSCM hidden confounding; Gamma=2; oracle set,,Oracle sensitivity-set inclusion rate,0.84,0.84,1.0,16,world (100 query units aggregated),MasterSCM/reports/hidden_track_panel_a_replacement/world_metrics_0_39.csv,,,,,2.0
(a),Synthetic Data Oracle Set Compatibility,causalfm,CausalFM,Causal foundation models,MasterSCM hidden confounding; Gamma=2; oracle set,,Oracle sensitivity-set inclusion rate,0.72,0.72,1.0,17,world (100 query units aggregated),MasterSCM/reports/hidden_track_panel_a_replacement/world_metrics_0_39.csv,,,,,2.0
(a),Synthetic Data Oracle Set Compatibility,causalfm,CausalFM,Causal foundation models,MasterSCM hidden confounding; Gamma=2; oracle set,,Oracle sensitivity-set inclusion rate,0.71,0.71,1.0,18,world (100 query units aggregated),MasterSCM/reports/hidden_track_panel_a_replacement/world_metrics_0_39.csv,,,,,2.0
(a),Synthetic Data Oracle Set Compatibility,causalfm,CausalFM,Causal foundation models,MasterSCM hidden confounding; Gamma=2; oracle set,,Oracle sensitivity-set inclusion rate,0.68,0.68,1.0,19,world (100 query units aggregated),MasterSCM/reports/hidden_track_panel_a_replacement/world_metrics_0_39.csv,,,,,2.0
(a),Synthetic Data Oracle Set Compatibility,causalfm,CausalFM,Causal foundation models,MasterSCM hidden confounding; Gamma=2; oracle set,,Oracle sensitivity-set inclusion rate,0.82,0.82,1.0,20,world (100 query units aggregated),MasterSCM/reports/hidden_track_panel_a_replacement/world_metrics_0_39.csv,,,,,2.0
(a),Synthetic Data Oracle Set Compatibility,causalfm,CausalFM,Causal foundation models,MasterSCM hidden confounding; Gamma=2; oracle set,,Oracle sensitivity-set inclusion rate,0.8,0.8,1.0,21,world (100 query units aggregated),MasterSCM/reports/hidden_track_panel_a_replacement/world_metrics_0_39.csv,,,,,2.0
(a),Synthetic Data Oracle Set Compatibility,causalfm,CausalFM,Causal foundation models,MasterSCM hidden confounding; Gamma=2; oracle set,,Oracle sensitivity-set inclusion rate,0.7,0.7,1.0,22,world (100 query units aggregated),MasterSCM/reports/hidden_track_panel_a_replacement/world_metrics_0_39.csv,,,,,2.0
(a),Synthetic Data Oracle Set Compatibility,causalfm,CausalFM,Causal foundation models,MasterSCM hidden confounding; Gamma=2; oracle set,,Oracle sensitivity-set inclusion rate,0.68,0.68,1.0,23,world (100 query units aggregated),MasterSCM/reports/hidden_track_panel_a_replacement/world_metrics_0_39.csv,,,,,2.0
(a),Synthetic Data Oracle Set Compatibility,causalfm,CausalFM,Causal foundation models,MasterSCM hidden confounding; Gamma=2; oracle set,,Oracle sensitivity-set inclusion rate,0.83,0.83,1.0,24,world (100 query units aggregated),MasterSCM/reports/hidden_track_panel_a_replacement/world_metrics_0_39.csv,,,,,2.0
(a),Synthetic Data Oracle Set Compatibility,causalfm,CausalFM,Causal foundation models,MasterSCM hidden confounding; Gamma=2; oracle set,,Oracle sensitivity-set inclusion rate,0.6,0.6,1.0,25,world (100 query units aggregated),MasterSCM/reports/hidden_track_panel_a_replacement/world_metrics_0_39.csv,,,,,2.0
(a),Synthetic Data Oracle Set Compatibility,causalfm,CausalFM,Causal foundation models,MasterSCM hidden confounding; Gamma=2; oracle set,,Oracle sensitivity-set inclusion rate,0.78,0.78,1.0,26,world (100 query units aggregated),MasterSCM/reports/hidden_track_panel_a_replacement/world_metrics_0_39.csv,,,,,2.0
(a),Synthetic Data Oracle Set Compatibility,causalfm,CausalFM,Causal foundation models,MasterSCM hidden confounding; Gamma=2; oracle set,,Oracle sensitivity-set inclusion rate,0.71,0.71,1.0,27,world (100 query units aggregated),MasterSCM/reports/hidden_track_panel_a_replacement/world_metrics_0_39.csv,,,,,2.0
(a),Synthetic Data Oracle Set Compatibility,causalfm,CausalFM,Causal foundation models,MasterSCM hidden confounding; Gamma=2; oracle set,,Oracle sensitivity-set inclusion rate,0.62,0.62,1.0,28,world (100 query units aggregated),MasterSCM/reports/hidden_track_panel_a_replacement/world_metrics_0_39.csv,,,,,2.0
(a),Synthetic Data Oracle Set Compatibility,causalfm,CausalFM,Causal foundation models,MasterSCM hidden confounding; Gamma=2; oracle set,,Oracle sensitivity-set inclusion rate,0.75,0.75,1.0,29,world (100 query units aggregated),MasterSCM/reports/hidden_track_panel_a_replacement/world_metrics_0_39.csv,,,,,2.0
(a),Synthetic Data Oracle Set Compatibility,causalfm,CausalFM,Causal foundation models,MasterSCM hidden confounding; Gamma=2; oracle set,,Oracle sensitivity-set inclusion rate,0.65,0.65,1.0,30,world (100 query units aggregated),MasterSCM/reports/hidden_track_panel_a_replacement/world_metrics_0_39.csv,,,,,2.0
(a),Synthetic Data Oracle Set Compatibility,causalfm,CausalFM,Causal foundation models,MasterSCM hidden confounding; Gamma=2; oracle set,,Oracle sensitivity-set inclusion rate,0.83,0.83,1.0,31,world (100 query units aggregated),MasterSCM/reports/hidden_track_panel_a_replacement/world_metrics_0_39.csv,,,,,2.0
(a),Synthetic Data Oracle Set Compatibility,causalfm,CausalFM,Causal foundation models,MasterSCM hidden confounding; Gamma=2; oracle set,,Oracle sensitivity-set inclusion rate,0.78,0.78,1.0,32,world (100 query units aggregated),MasterSCM/reports/hidden_track_panel_a_replacement/world_metrics_0_39.csv,,,,,2.0
(a),Synthetic Data Oracle Set Compatibility,causalfm,CausalFM,Causal foundation models,MasterSCM hidden confounding; Gamma=2; oracle set,,Oracle sensitivity-set inclusion rate,0.68,0.68,1.0,33,world (100 query units aggregated),MasterSCM/reports/hidden_track_panel_a_replacement/world_metrics_0_39.csv,,,,,2.0
(a),Synthetic Data Oracle Set Compatibility,causalfm,CausalFM,Causal foundation models,MasterSCM hidden confounding; Gamma=2; oracle set,,Oracle sensitivity-set inclusion rate,0.67,0.67,1.0,34,world (100 query units aggregated),MasterSCM/reports/hidden_track_panel_a_replacement/world_metrics_0_39.csv,,,,,2.0
(a),Synthetic Data Oracle Set Compatibility,causalfm,CausalFM,Causal foundation models,MasterSCM hidden confounding; Gamma=2; oracle set,,Oracle sensitivity-set inclusion rate,0.75,0.75,1.0,35,world (100 query units aggregated),MasterSCM/reports/hidden_track_panel_a_replacement/world_metrics_0_39.csv,,,,,2.0
(a),Synthetic Data Oracle Set Compatibility,causalfm,CausalFM,Causal foundation models,MasterSCM hidden confounding; Gamma=2; oracle set,,Oracle sensitivity-set inclusion rate,0.84,0.84,1.0,36,world (100 query units aggregated),MasterSCM/reports/hidden_track_panel_a_replacement/world_metrics_0_39.csv,,,,,2.0
(a),Synthetic Data Oracle Set Compatibility,causalfm,CausalFM,Causal foundation models,MasterSCM hidden confounding; Gamma=2; oracle set,,Oracle sensitivity-set inclusion rate,0.76,0.76,1.0,37,world (100 query units aggregated),MasterSCM/reports/hidden_track_panel_a_replacement/world_metrics_0_39.csv,,,,,2.0
(a),Synthetic Data Oracle Set Compatibility,causalfm,CausalFM,Causal foundation models,MasterSCM hidden confounding; Gamma=2; oracle set,,Oracle sensitivity-set inclusion rate,0.68,0.68,1.0,38,world (100 query units aggregated),MasterSCM/reports/hidden_track_panel_a_replacement/world_metrics_0_39.csv,,,,,2.0
(a),Synthetic Data Oracle Set Compatibility,causalfm,CausalFM,Causal foundation models,MasterSCM hidden confounding; Gamma=2; oracle set,,Oracle sensitivity-set inclusion rate,0.75,0.75,1.0,39,world (100 query units aggregated),MasterSCM/reports/hidden_track_panel_a_replacement/world_metrics_0_39.csv,,,,,2.0
(a),Synthetic Data Oracle Set Compatibility,causalpfn,CausalPFN,Causal foundation models,MasterSCM hidden confounding; Gamma=2; oracle set,,Oracle sensitivity-set inclusion rate,0.94,0.94,1.0,0,world (100 query units aggregated),MasterSCM/reports/hidden_track_panel_a_replacement/world_metrics_0_39.csv,,,,,2.0
(a),Synthetic Data Oracle Set Compatibility,causalpfn,CausalPFN,Causal foundation models,MasterSCM hidden confounding; Gamma=2; oracle set,,Oracle sensitivity-set inclusion rate,0.87,0.87,1.0,1,world (100 query units aggregated),MasterSCM/reports/hidden_track_panel_a_replacement/world_metrics_0_39.csv,,,,,2.0
(a),Synthetic Data Oracle Set Compatibility,causalpfn,CausalPFN,Causal foundation models,MasterSCM hidden confounding; Gamma=2; oracle set,,Oracle sensitivity-set inclusion rate,0.92,0.92,1.0,2,world (100 query units aggregated),MasterSCM/reports/hidden_track_panel_a_replacement/world_metrics_0_39.csv,,,,,2.0
(a),Synthetic Data Oracle Set Compatibility,causalpfn,CausalPFN,Causal foundation models,MasterSCM hidden confounding; Gamma=2; oracle set,,Oracle sensitivity-set inclusion rate,0.85,0.85,1.0,3,world (100 query units aggregated),MasterSCM/reports/hidden_track_panel_a_replacement/world_metrics_0_39.csv,,,,,2.0
(a),Synthetic Data Oracle Set Compatibility,causalpfn,CausalPFN,Causal foundation models,MasterSCM hidden confounding; Gamma=2; oracle set,,Oracle sensitivity-set inclusion rate,0.86,0.86,1.0,4,world (100 query units aggregated),MasterSCM/reports/hidden_track_panel_a_replacement/world_metrics_0_39.csv,,,,,2.0
(a),Synthetic Data Oracle Set Compatibility,causalpfn,CausalPFN,Causal foundation models,MasterSCM hidden confounding; Gamma=2; oracle set,,Oracle sensitivity-set inclusion rate,0.95,0.95,1.0,5,world (100 query units aggregated),MasterSCM/reports/hidden_track_panel_a_replacement/world_metrics_0_39.csv,,,,,2.0
(a),Synthetic Data Oracle Set Compatibility,causalpfn,CausalPFN,Causal foundation models,MasterSCM hidden confounding; Gamma=2; oracle set,,Oracle sensitivity-set inclusion rate,0.8,0.8,1.0,6,world (100 query units aggregated),MasterSCM/reports/hidden_track_panel_a_replacement/world_metrics_0_39.csv,,,,,2.0
(a),Synthetic Data Oracle Set Compatibility,causalpfn,CausalPFN,Causal foundation models,MasterSCM hidden confounding; Gamma=2; oracle set,,Oracle sensitivity-set inclusion rate,0.84,0.84,1.0,7,world (100 query units aggregated),MasterSCM/reports/hidden_track_panel_a_replacement/world_metrics_0_39.csv,,,,,2.0
(a),Synthetic Data Oracle Set Compatibility,causalpfn,CausalPFN,Causal foundation models,MasterSCM hidden confounding; Gamma=2; oracle set,,Oracle sensitivity-set inclusion rate,0.78,0.78,1.0,8,world (100 query units aggregated),MasterSCM/reports/hidden_track_panel_a_replacement/world_metrics_0_39.csv,,,,,2.0
(a),Synthetic Data Oracle Set Compatibility,causalpfn,CausalPFN,Causal foundation models,MasterSCM hidden confounding; Gamma=2; oracle set,,Oracle sensitivity-set inclusion rate,0.86,0.86,1.0,9,world (100 query units aggregated),MasterSCM/reports/hidden_track_panel_a_replacement/world_metrics_0_39.csv,,,,,2.0
(a),Synthetic Data Oracle Set Compatibility,causalpfn,CausalPFN,Causal foundation models,MasterSCM hidden confounding; Gamma=2; oracle set,,Oracle sensitivity-set inclusion rate,0.91,0.91,1.0,10,world (100 query units aggregated),MasterSCM/reports/hidden_track_panel_a_replacement/world_metrics_0_39.csv,,,,,2.0
(a),Synthetic Data Oracle Set Compatibility,causalpfn,CausalPFN,Causal foundation models,MasterSCM hidden confounding; Gamma=2; oracle set,,Oracle sensitivity-set inclusion rate,0.89,0.89,1.0,11,world (100 query units aggregated),MasterSCM/reports/hidden_track_panel_a_replacement/world_metrics_0_39.csv,,,,,2.0
(a),Synthetic Data Oracle Set Compatibility,causalpfn,CausalPFN,Causal foundation models,MasterSCM hidden confounding; Gamma=2; oracle set,,Oracle sensitivity-set inclusion rate,0.86,0.86,1.0,12,world (100 query units aggregated),MasterSCM/reports/hidden_track_panel_a_replacement/world_metrics_0_39.csv,,,,,2.0
(a),Synthetic Data Oracle Set Compatibility,causalpfn,CausalPFN,Causal foundation models,MasterSCM hidden confounding; Gamma=2; oracle set,,Oracle sensitivity-set inclusion rate,0.79,0.79,1.0,13,world (100 query units aggregated),MasterSCM/reports/hidden_track_panel_a_replacement/world_metrics_0_39.csv,,,,,2.0
(a),Synthetic Data Oracle Set Compatibility,causalpfn,CausalPFN,Causal foundation models,MasterSCM hidden confounding; Gamma=2; oracle set,,Oracle sensitivity-set inclusion rate,0.9,0.9,1.0,14,world (100 query units aggregated),MasterSCM/reports/hidden_track_panel_a_replacement/world_metrics_0_39.csv,,,,,2.0
(a),Synthetic Data Oracle Set Compatibility,causalpfn,CausalPFN,Causal foundation models,MasterSCM hidden confounding; Gamma=2; oracle set,,Oracle sensitivity-set inclusion rate,0.94,0.94,1.0,15,world (100 query units aggregated),MasterSCM/reports/hidden_track_panel_a_replacement/world_metrics_0_39.csv,,,,,2.0
(a),Synthetic Data Oracle Set Compatibility,causalpfn,CausalPFN,Causal foundation models,MasterSCM hidden confounding; Gamma=2; oracle set,,Oracle sensitivity-set inclusion rate,0.71,0.71,1.0,16,world (100 query units aggregated),MasterSCM/reports/hidden_track_panel_a_replacement/world_metrics_0_39.csv,,,,,2.0
(a),Synthetic Data Oracle Set Compatibility,causalpfn,CausalPFN,Causal foundation models,MasterSCM hidden confounding; Gamma=2; oracle set,,Oracle sensitivity-set inclusion rate,0.83,0.83,1.0,17,world (100 query units aggregated),MasterSCM/reports/hidden_track_panel_a_replacement/world_metrics_0_39.csv,,,,,2.0
(a),Synthetic Data Oracle Set Compatibility,causalpfn,CausalPFN,Causal foundation models,MasterSCM hidden confounding; Gamma=2; oracle set,,Oracle sensitivity-set inclusion rate,0.78,0.78,1.0,18,world (100 query units aggregated),MasterSCM/reports/hidden_track_panel_a_replacement/world_metrics_0_39.csv,,,,,2.0
(a),Synthetic Data Oracle Set Compatibility,causalpfn,CausalPFN,Causal foundation models,MasterSCM hidden confounding; Gamma=2; oracle set,,Oracle sensitivity-set inclusion rate,0.77,0.77,1.0,19,world (100 query units aggregated),MasterSCM/reports/hidden_track_panel_a_replacement/world_metrics_0_39.csv,,,,,2.0
(a),Synthetic Data Oracle Set Compatibility,causalpfn,CausalPFN,Causal foundation models,MasterSCM hidden confounding; Gamma=2; oracle set,,Oracle sensitivity-set inclusion rate,0.92,0.92,1.0,20,world (100 query units aggregated),MasterSCM/reports/hidden_track_panel_a_replacement/world_metrics_0_39.csv,,,,,2.0
(a),Synthetic Data Oracle Set Compatibility,causalpfn,CausalPFN,Causal foundation models,MasterSCM hidden confounding; Gamma=2; oracle set,,Oracle sensitivity-set inclusion rate,0.8,0.8,1.0,21,world (100 query units aggregated),MasterSCM/reports/hidden_track_panel_a_replacement/world_metrics_0_39.csv,,,,,2.0
(a),Synthetic Data Oracle Set Compatibility,causalpfn,CausalPFN,Causal foundation models,MasterSCM hidden confounding; Gamma=2; oracle set,,Oracle sensitivity-set inclusion rate,0.75,0.75,1.0,22,world (100 query units aggregated),MasterSCM/reports/hidden_track_panel_a_replacement/world_metrics_0_39.csv,,,,,2.0
(a),Synthetic Data Oracle Set Compatibility,causalpfn,CausalPFN,Causal foundation models,MasterSCM hidden confounding; Gamma=2; oracle set,,Oracle sensitivity-set inclusion rate,0.85,0.85,1.0,23,world (100 query units aggregated),MasterSCM/reports/hidden_track_panel_a_replacement/world_metrics_0_39.csv,,,,,2.0
(a),Synthetic Data Oracle Set Compatibility,causalpfn,CausalPFN,Causal foundation models,MasterSCM hidden confounding; Gamma=2; oracle set,,Oracle sensitivity-set inclusion rate,0.83,0.83,1.0,24,world (100 query units aggregated),MasterSCM/reports/hidden_track_panel_a_replacement/world_metrics_0_39.csv,,,,,2.0
(a),Synthetic Data Oracle Set Compatibility,causalpfn,CausalPFN,Causal foundation models,MasterSCM hidden confounding; Gamma=2; oracle set,,Oracle sensitivity-set inclusion rate,0.92,0.92,1.0,25,world (100 query units aggregated),MasterSCM/reports/hidden_track_panel_a_replacement/world_metrics_0_39.csv,,,,,2.0
(a),Synthetic Data Oracle Set Compatibility,causalpfn,CausalPFN,Causal foundation models,MasterSCM hidden confounding; Gamma=2; oracle set,,Oracle sensitivity-set inclusion rate,0.93,0.93,1.0,26,world (100 query units aggregated),MasterSCM/reports/hidden_track_panel_a_replacement/world_metrics_0_39.csv,,,,,2.0
(a),Synthetic Data Oracle Set Compatibility,causalpfn,CausalPFN,Causal foundation models,MasterSCM hidden confounding; Gamma=2; oracle set,,Oracle sensitivity-set inclusion rate,0.82,0.82,1.0,27,world (100 query units aggregated),MasterSCM/reports/hidden_track_panel_a_replacement/world_metrics_0_39.csv,,,,,2.0
(a),Synthetic Data Oracle Set Compatibility,causalpfn,CausalPFN,Causal foundation models,MasterSCM hidden confounding; Gamma=2; oracle set,,Oracle sensitivity-set inclusion rate,0.75,0.75,1.0,28,world (100 query units aggregated),MasterSCM/reports/hidden_track_panel_a_replacement/world_metrics_0_39.csv,,,,,2.0
(a),Synthetic Data Oracle Set Compatibility,causalpfn,CausalPFN,Causal foundation models,MasterSCM hidden confounding; Gamma=2; oracle set,,Oracle sensitivity-set inclusion rate,0.87,0.87,1.0,29,world (100 query units aggregated),MasterSCM/reports/hidden_track_panel_a_replacement/world_metrics_0_39.csv,,,,,2.0
(a),Synthetic Data Oracle Set Compatibility,causalpfn,CausalPFN,Causal foundation models,MasterSCM hidden confounding; Gamma=2; oracle set,,Oracle sensitivity-set inclusion rate,0.95,0.95,1.0,30,world (100 query units aggregated),MasterSCM/reports/hidden_track_panel_a_replacement/world_metrics_0_39.csv,,,,,2.0
(a),Synthetic Data Oracle Set Compatibility,causalpfn,CausalPFN,Causal foundation models,MasterSCM hidden confounding; Gamma=2; oracle set,,Oracle sensitivity-set inclusion rate,0.87,0.87,1.0,31,world (100 query units aggregated),MasterSCM/reports/hidden_track_panel_a_replacement/world_metrics_0_39.csv,,,,,2.0
(a),Synthetic Data Oracle Set Compatibility,causalpfn,CausalPFN,Causal foundation models,MasterSCM hidden confounding; Gamma=2; oracle set,,Oracle sensitivity-set inclusion rate,0.86,0.86,1.0,32,world (100 query units aggregated),MasterSCM/reports/hidden_track_panel_a_replacement/world_metrics_0_39.csv,,,,,2.0
(a),Synthetic Data Oracle Set Compatibility,causalpfn,CausalPFN,Causal foundation models,MasterSCM hidden confounding; Gamma=2; oracle set,,Oracle sensitivity-set inclusion rate,0.77,0.77,1.0,33,world (100 query units aggregated),MasterSCM/reports/hidden_track_panel_a_replacement/world_metrics_0_39.csv,,,,,2.0
(a),Synthetic Data Oracle Set Compatibility,causalpfn,CausalPFN,Causal foundation models,MasterSCM hidden confounding; Gamma=2; oracle set,,Oracle sensitivity-set inclusion rate,0.89,0.89,1.0,34,world (100 query units aggregated),MasterSCM/reports/hidden_track_panel_a_replacement/world_metrics_0_39.csv,,,,,2.0
(a),Synthetic Data Oracle Set Compatibility,causalpfn,CausalPFN,Causal foundation models,MasterSCM hidden confounding; Gamma=2; oracle set,,Oracle sensitivity-set inclusion rate,0.84,0.84,1.0,35,world (100 query units aggregated),MasterSCM/reports/hidden_track_panel_a_replacement/world_metrics_0_39.csv,,,,,2.0
(a),Synthetic Data Oracle Set Compatibility,causalpfn,CausalPFN,Causal foundation models,MasterSCM hidden confounding; Gamma=2; oracle set,,Oracle sensitivity-set inclusion rate,0.85,0.85,1.0,36,world (100 query units aggregated),MasterSCM/reports/hidden_track_panel_a_replacement/world_metrics_0_39.csv,,,,,2.0
(a),Synthetic Data Oracle Set Compatibility,causalpfn,CausalPFN,Causal foundation models,MasterSCM hidden confounding; Gamma=2; oracle set,,Oracle sensitivity-set inclusion rate,0.84,0.84,1.0,37,world (100 query units aggregated),MasterSCM/reports/hidden_track_panel_a_replacement/world_metrics_0_39.csv,,,,,2.0
(a),Synthetic Data Oracle Set Compatibility,causalpfn,CausalPFN,Causal foundation models,MasterSCM hidden confounding; Gamma=2; oracle set,,Oracle sensitivity-set inclusion rate,0.82,0.82,1.0,38,world (100 query units aggregated),MasterSCM/reports/hidden_track_panel_a_replacement/world_metrics_0_39.csv,,,,,2.0
(a),Synthetic Data Oracle Set Compatibility,causalpfn,CausalPFN,Causal foundation models,MasterSCM hidden confounding; Gamma=2; oracle set,,Oracle sensitivity-set inclusion rate,0.8,0.8,1.0,39,world (100 query units aggregated),MasterSCM/reports/hidden_track_panel_a_replacement/world_metrics_0_39.csv,,,,,2.0
(a),Synthetic Data Oracle Set Compatibility,dopfn,Do-PFN,Causal foundation models,MasterSCM hidden confounding; Gamma=2; oracle set,,Oracle sensitivity-set inclusion rate,0.44,0.44,1.0,0,world (100 query units aggregated),MasterSCM/reports/hidden_track_panel_a_replacement/world_metrics_0_39.csv,,,,,2.0
(a),Synthetic Data Oracle Set Compatibility,dopfn,Do-PFN,Causal foundation models,MasterSCM hidden confounding; Gamma=2; oracle set,,Oracle sensitivity-set inclusion rate,0.27,0.27,1.0,1,world (100 query units aggregated),MasterSCM/reports/hidden_track_panel_a_replacement/world_metrics_0_39.csv,,,,,2.0
(a),Synthetic Data Oracle Set Compatibility,dopfn,Do-PFN,Causal foundation models,MasterSCM hidden confounding; Gamma=2; oracle set,,Oracle sensitivity-set inclusion rate,0.33,0.33,1.0,2,world (100 query units aggregated),MasterSCM/reports/hidden_track_panel_a_replacement/world_metrics_0_39.csv,,,,,2.0
(a),Synthetic Data Oracle Set Compatibility,dopfn,Do-PFN,Causal foundation models,MasterSCM hidden confounding; Gamma=2; oracle set,,Oracle sensitivity-set inclusion rate,0.4,0.4,1.0,3,world (100 query units aggregated),MasterSCM/reports/hidden_track_panel_a_replacement/world_metrics_0_39.csv,,,,,2.0
(a),Synthetic Data Oracle Set Compatibility,dopfn,Do-PFN,Causal foundation models,MasterSCM hidden confounding; Gamma=2; oracle set,,Oracle sensitivity-set inclusion rate,0.34,0.34,1.0,4,world (100 query units aggregated),MasterSCM/reports/hidden_track_panel_a_replacement/world_metrics_0_39.csv,,,,,2.0
(a),Synthetic Data Oracle Set Compatibility,dopfn,Do-PFN,Causal foundation models,MasterSCM hidden confounding; Gamma=2; oracle set,,Oracle sensitivity-set inclusion rate,0.29,0.29,1.0,5,world (100 query units aggregated),MasterSCM/reports/hidden_track_panel_a_replacement/world_metrics_0_39.csv,,,,,2.0
(a),Synthetic Data Oracle Set Compatibility,dopfn,Do-PFN,Causal foundation models,MasterSCM hidden confounding; Gamma=2; oracle set,,Oracle sensitivity-set inclusion rate,0.3,0.3,1.0,6,world (100 query units aggregated),MasterSCM/reports/hidden_track_panel_a_replacement/world_metrics_0_39.csv,,,,,2.0
(a),Synthetic Data Oracle Set Compatibility,dopfn,Do-PFN,Causal foundation models,MasterSCM hidden confounding; Gamma=2; oracle set,,Oracle sensitivity-set inclusion rate,0.5,0.5,1.0,7,world (100 query units aggregated),MasterSCM/reports/hidden_track_panel_a_replacement/world_metrics_0_39.csv,,,,,2.0
(a),Synthetic Data Oracle Set Compatibility,dopfn,Do-PFN,Causal foundation models,MasterSCM hidden confounding; Gamma=2; oracle set,,Oracle sensitivity-set inclusion rate,0.47,0.47,1.0,8,world (100 query units aggregated),MasterSCM/reports/hidden_track_panel_a_replacement/world_metrics_0_39.csv,,,,,2.0
(a),Synthetic Data Oracle Set Compatibility,dopfn,Do-PFN,Causal foundation models,MasterSCM hidden confounding; Gamma=2; oracle set,,Oracle sensitivity-set inclusion rate,0.4,0.4,1.0,9,world (100 query units aggregated),MasterSCM/reports/hidden_track_panel_a_replacement/world_metrics_0_39.csv,,,,,2.0
(a),Synthetic Data Oracle Set Compatibility,dopfn,Do-PFN,Causal foundation models,MasterSCM hidden confounding; Gamma=2; oracle set,,Oracle sensitivity-set inclusion rate,0.28,0.28,1.0,10,world (100 query units aggregated),MasterSCM/reports/hidden_track_panel_a_replacement/world_metrics_0_39.csv,,,,,2.0
(a),Synthetic Data Oracle Set Compatibility,dopfn,Do-PFN,Causal foundation models,MasterSCM hidden confounding; Gamma=2; oracle set,,Oracle sensitivity-set inclusion rate,0.28,0.28,1.0,11,world (100 query units aggregated),MasterSCM/reports/hidden_track_panel_a_replacement/world_metrics_0_39.csv,,,,,2.0
(a),Synthetic Data Oracle Set Compatibility,dopfn,Do-PFN,Causal foundation models,MasterSCM hidden confounding; Gamma=2; oracle set,,Oracle sensitivity-set inclusion rate,0.43,0.43,1.0,12,world (100 query units aggregated),MasterSCM/reports/hidden_track_panel_a_replacement/world_metrics_0_39.csv,,,,,2.0
(a),Synthetic Data Oracle Set Compatibility,dopfn,Do-PFN,Causal foundation models,MasterSCM hidden confounding; Gamma=2; oracle set,,Oracle sensitivity-set inclusion rate,0.34,0.34,1.0,13,world (100 query units aggregated),MasterSCM/reports/hidden_track_panel_a_replacement/world_metrics_0_39.csv,,,,,2.0
(a),Synthetic Data Oracle Set Compatibility,dopfn,Do-PFN,Causal foundation models,MasterSCM hidden confounding; Gamma=2; oracle set,,Oracle sensitivity-set inclusion rate,0.21,0.21,1.0,14,world (100 query units aggregated),MasterSCM/reports/hidden_track_panel_a_replacement/world_metrics_0_39.csv,,,,,2.0
(a),Synthetic Data Oracle Set Compatibility,dopfn,Do-PFN,Causal foundation models,MasterSCM hidden confounding; Gamma=2; oracle set,,Oracle sensitivity-set inclusion rate,0.34,0.34,1.0,15,world (100 query units aggregated),MasterSCM/reports/hidden_track_panel_a_replacement/world_metrics_0_39.csv,,,,,2.0
(a),Synthetic Data Oracle Set Compatibility,dopfn,Do-PFN,Causal foundation models,MasterSCM hidden confounding; Gamma=2; oracle set,,Oracle sensitivity-set inclusion rate,0.37,0.37,1.0,16,world (100 query units aggregated),MasterSCM/reports/hidden_track_panel_a_replacement/world_metrics_0_39.csv,,,,,2.0
(a),Synthetic Data Oracle Set Compatibility,dopfn,Do-PFN,Causal foundation models,MasterSCM hidden confounding; Gamma=2; oracle set,,Oracle sensitivity-set inclusion rate,0.4,0.4,1.0,17,world (100 query units aggregated),MasterSCM/reports/hidden_track_panel_a_replacement/world_metrics_0_39.csv,,,,,2.0
(a),Synthetic Data Oracle Set Compatibility,dopfn,Do-PFN,Causal foundation models,MasterSCM hidden confounding; Gamma=2; oracle set,,Oracle sensitivity-set inclusion rate,0.32,0.32,1.0,18,world (100 query units aggregated),MasterSCM/reports/hidden_track_panel_a_replacement/world_metrics_0_39.csv,,,,,2.0
(a),Synthetic Data Oracle Set Compatibility,dopfn,Do-PFN,Causal foundation models,MasterSCM hidden confounding; Gamma=2; oracle set,,Oracle sensitivity-set inclusion rate,0.25,0.25,1.0,19,world (100 query units aggregated),MasterSCM/reports/hidden_track_panel_a_replacement/world_metrics_0_39.csv,,,,,2.0
(a),Synthetic Data Oracle Set Compatibility,dopfn,Do-PFN,Causal foundation models,MasterSCM hidden confounding; Gamma=2; oracle set,,Oracle sensitivity-set inclusion rate,0.33,0.33,1.0,20,world (100 query units aggregated),MasterSCM/reports/hidden_track_panel_a_replacement/world_metrics_0_39.csv,,,,,2.0
(a),Synthetic Data Oracle Set Compatibility,dopfn,Do-PFN,Causal foundation models,MasterSCM hidden confounding; Gamma=2; oracle set,,Oracle sensitivity-set inclusion rate,0.38,0.38,1.0,21,world (100 query units aggregated),MasterSCM/reports/hidden_track_panel_a_replacement/world_metrics_0_39.csv,,,,,2.0
(a),Synthetic Data Oracle Set Compatibility,dopfn,Do-PFN,Causal foundation models,MasterSCM hidden confounding; Gamma=2; oracle set,,Oracle sensitivity-set inclusion rate,0.6,0.6,1.0,22,world (100 query units aggregated),MasterSCM/reports/hidden_track_panel_a_replacement/world_metrics_0_39.csv,,,,,2.0
(a),Synthetic Data Oracle Set Compatibility,dopfn,Do-PFN,Causal foundation models,MasterSCM hidden confounding; Gamma=2; oracle set,,Oracle sensitivity-set inclusion rate,0.4,0.4,1.0,23,world (100 query units aggregated),MasterSCM/reports/hidden_track_panel_a_replacement/world_metrics_0_39.csv,,,,,2.0
(a),Synthetic Data Oracle Set Compatibility,dopfn,Do-PFN,Causal foundation models,MasterSCM hidden confounding; Gamma=2; oracle set,,Oracle sensitivity-set inclusion rate,0.44,0.44,1.0,24,world (100 query units aggregated),MasterSCM/reports/hidden_track_panel_a_replacement/world_metrics_0_39.csv,,,,,2.0
(a),Synthetic Data Oracle Set Compatibility,dopfn,Do-PFN,Causal foundation models,MasterSCM hidden confounding; Gamma=2; oracle set,,Oracle sensitivity-set inclusion rate,0.34,0.34,1.0,25,world (100 query units aggregated),MasterSCM/reports/hidden_track_panel_a_replacement/world_metrics_0_39.csv,,,,,2.0
(a),Synthetic Data Oracle Set Compatibility,dopfn,Do-PFN,Causal foundation models,MasterSCM hidden confounding; Gamma=2; oracle set,,Oracle sensitivity-set inclusion rate,0.4,0.4,1.0,26,world (100 query units aggregated),MasterSCM/reports/hidden_track_panel_a_replacement/world_metrics_0_39.csv,,,,,2.0
(a),Synthetic Data Oracle Set Compatibility,dopfn,Do-PFN,Causal foundation models,MasterSCM hidden confounding; Gamma=2; oracle set,,Oracle sensitivity-set inclusion rate,0.42,0.42,1.0,27,world (100 query units aggregated),MasterSCM/reports/hidden_track_panel_a_replacement/world_metrics_0_39.csv,,,,,2.0
(a),Synthetic Data Oracle Set Compatibility,dopfn,Do-PFN,Causal foundation models,MasterSCM hidden confounding; Gamma=2; oracle set,,Oracle sensitivity-set inclusion rate,0.32,0.32,1.0,28,world (100 query units aggregated),MasterSCM/reports/hidden_track_panel_a_replacement/world_metrics_0_39.csv,,,,,2.0
(a),Synthetic Data Oracle Set Compatibility,dopfn,Do-PFN,Causal foundation models,MasterSCM hidden confounding; Gamma=2; oracle set,,Oracle sensitivity-set inclusion rate,0.32,0.32,1.0,29,world (100 query units aggregated),MasterSCM/reports/hidden_track_panel_a_replacement/world_metrics_0_39.csv,,,,,2.0
(a),Synthetic Data Oracle Set Compatibility,dopfn,Do-PFN,Causal foundation models,MasterSCM hidden confounding; Gamma=2; oracle set,,Oracle sensitivity-set inclusion rate,0.27,0.27,1.0,30,world (100 query units aggregated),MasterSCM/reports/hidden_track_panel_a_replacement/world_metrics_0_39.csv,,,,,2.0
(a),Synthetic Data Oracle Set Compatibility,dopfn,Do-PFN,Causal foundation models,MasterSCM hidden confounding; Gamma=2; oracle set,,Oracle sensitivity-set inclusion rate,0.38,0.38,1.0,31,world (100 query units aggregated),MasterSCM/reports/hidden_track_panel_a_replacement/world_metrics_0_39.csv,,,,,2.0
(a),Synthetic Data Oracle Set Compatibility,dopfn,Do-PFN,Causal foundation models,MasterSCM hidden confounding; Gamma=2; oracle set,,Oracle sensitivity-set inclusion rate,0.54,0.54,1.0,32,world (100 query units aggregated),MasterSCM/reports/hidden_track_panel_a_replacement/world_metrics_0_39.csv,,,,,2.0
(a),Synthetic Data Oracle Set Compatibility,dopfn,Do-PFN,Causal foundation models,MasterSCM hidden confounding; Gamma=2; oracle set,,Oracle sensitivity-set inclusion rate,0.3,0.3,1.0,33,world (100 query units aggregated),MasterSCM/reports/hidden_track_panel_a_replacement/world_metrics_0_39.csv,,,,,2.0
(a),Synthetic Data Oracle Set Compatibility,dopfn,Do-PFN,Causal foundation models,MasterSCM hidden confounding; Gamma=2; oracle set,,Oracle sensitivity-set inclusion rate,0.45,0.45,1.0,34,world (100 query units aggregated),MasterSCM/reports/hidden_track_panel_a_replacement/world_metrics_0_39.csv,,,,,2.0
(a),Synthetic Data Oracle Set Compatibility,dopfn,Do-PFN,Causal foundation models,MasterSCM hidden confounding; Gamma=2; oracle set,,Oracle sensitivity-set inclusion rate,0.3,0.3,1.0,35,world (100 query units aggregated),MasterSCM/reports/hidden_track_panel_a_replacement/world_metrics_0_39.csv,,,,,2.0
(a),Synthetic Data Oracle Set Compatibility,dopfn,Do-PFN,Causal foundation models,MasterSCM hidden confounding; Gamma=2; oracle set,,Oracle sensitivity-set inclusion rate,0.2,0.2,1.0,36,world (100 query units aggregated),MasterSCM/reports/hidden_track_panel_a_replacement/world_metrics_0_39.csv,,,,,2.0
(a),Synthetic Data Oracle Set Compatibility,dopfn,Do-PFN,Causal foundation models,MasterSCM hidden confounding; Gamma=2; oracle set,,Oracle sensitivity-set inclusion rate,0.32,0.32,1.0,37,world (100 query units aggregated),MasterSCM/reports/hidden_track_panel_a_replacement/world_metrics_0_39.csv,,,,,2.0
(a),Synthetic Data Oracle Set Compatibility,dopfn,Do-PFN,Causal foundation models,MasterSCM hidden confounding; Gamma=2; oracle set,,Oracle sensitivity-set inclusion rate,0.29,0.29,1.0,38,world (100 query units aggregated),MasterSCM/reports/hidden_track_panel_a_replacement/world_metrics_0_39.csv,,,,,2.0
(a),Synthetic Data Oracle Set Compatibility,dopfn,Do-PFN,Causal foundation models,MasterSCM hidden confounding; Gamma=2; oracle set,,Oracle sensitivity-set inclusion rate,0.41,0.41,1.0,39,world (100 query units aggregated),MasterSCM/reports/hidden_track_panel_a_replacement/world_metrics_0_39.csv,,,,,2.0
(a),Synthetic Data Oracle Set Compatibility,dr_learner,"Cross-fitted
DR-Learner",Point estimators,MasterSCM hidden confounding; Gamma=2; oracle set,,Oracle sensitivity-set inclusion rate,0.79,0.79,1.0,0,world (100 query units aggregated),MasterSCM/reports/hidden_track_panel_a_replacement/world_metrics_0_39.csv,,,,,2.0
(a),Synthetic Data Oracle Set Compatibility,dr_learner,"Cross-fitted
DR-Learner",Point estimators,MasterSCM hidden confounding; Gamma=2; oracle set,,Oracle sensitivity-set inclusion rate,0.81,0.81,1.0,1,world (100 query units aggregated),MasterSCM/reports/hidden_track_panel_a_replacement/world_metrics_0_39.csv,,,,,2.0
(a),Synthetic Data Oracle Set Compatibility,dr_learner,"Cross-fitted
DR-Learner",Point estimators,MasterSCM hidden confounding; Gamma=2; oracle set,,Oracle sensitivity-set inclusion rate,0.84,0.84,1.0,2,world (100 query units aggregated),MasterSCM/reports/hidden_track_panel_a_replacement/world_metrics_0_39.csv,,,,,2.0
(a),Synthetic Data Oracle Set Compatibility,dr_learner,"Cross-fitted
DR-Learner",Point estimators,MasterSCM hidden confounding; Gamma=2; oracle set,,Oracle sensitivity-set inclusion rate,0.77,0.77,1.0,3,world (100 query units aggregated),MasterSCM/reports/hidden_track_panel_a_replacement/world_metrics_0_39.csv,,,,,2.0
(a),Synthetic Data Oracle Set Compatibility,dr_learner,"Cross-fitted
DR-Learner",Point estimators,MasterSCM hidden confounding; Gamma=2; oracle set,,Oracle sensitivity-set inclusion rate,0.7,0.7,1.0,4,world (100 query units aggregated),MasterSCM/reports/hidden_track_panel_a_replacement/world_metrics_0_39.csv,,,,,2.0
(a),Synthetic Data Oracle Set Compatibility,dr_learner,"Cross-fitted
DR-Learner",Point estimators,MasterSCM hidden confounding; Gamma=2; oracle set,,Oracle sensitivity-set inclusion rate,0.91,0.91,1.0,5,world (100 query units aggregated),MasterSCM/reports/hidden_track_panel_a_replacement/world_metrics_0_39.csv,,,,,2.0
(a),Synthetic Data Oracle Set Compatibility,dr_learner,"Cross-fitted
DR-Learner",Point estimators,MasterSCM hidden confounding; Gamma=2; oracle set,,Oracle sensitivity-set inclusion rate,0.79,0.79,1.0,6,world (100 query units aggregated),MasterSCM/reports/hidden_track_panel_a_replacement/world_metrics_0_39.csv,,,,,2.0
(a),Synthetic Data Oracle Set Compatibility,dr_learner,"Cross-fitted
DR-Learner",Point estimators,MasterSCM hidden confounding; Gamma=2; oracle set,,Oracle sensitivity-set inclusion rate,0.87,0.87,1.0,7,world (100 query units aggregated),MasterSCM/reports/hidden_track_panel_a_replacement/world_metrics_0_39.csv,,,,,2.0
(a),Synthetic Data Oracle Set Compatibility,dr_learner,"Cross-fitted
DR-Learner",Point estimators,MasterSCM hidden confounding; Gamma=2; oracle set,,Oracle sensitivity-set inclusion rate,0.73,0.73,1.0,8,world (100 query units aggregated),MasterSCM/reports/hidden_track_panel_a_replacement/world_metrics_0_39.csv,,,,,2.0
(a),Synthetic Data Oracle Set Compatibility,dr_learner,"Cross-fitted
DR-Learner",Point estimators,MasterSCM hidden confounding; Gamma=2; oracle set,,Oracle sensitivity-set inclusion rate,0.65,0.65,1.0,9,world (100 query units aggregated),MasterSCM/reports/hidden_track_panel_a_replacement/world_metrics_0_39.csv,,,,,2.0
(a),Synthetic Data Oracle Set Compatibility,dr_learner,"Cross-fitted
DR-Learner",Point estimators,MasterSCM hidden confounding; Gamma=2; oracle set,,Oracle sensitivity-set inclusion rate,0.87,0.87,1.0,10,world (100 query units aggregated),MasterSCM/reports/hidden_track_panel_a_replacement/world_metrics_0_39.csv,,,,,2.0
(a),Synthetic Data Oracle Set Compatibility,dr_learner,"Cross-fitted
DR-Learner",Point estimators,MasterSCM hidden confounding; Gamma=2; oracle set,,Oracle sensitivity-set inclusion rate,0.86,0.86,1.0,11,world (100 query units aggregated),MasterSCM/reports/hidden_track_panel_a_replacement/world_metrics_0_39.csv,,,,,2.0
(a),Synthetic Data Oracle Set Compatibility,dr_learner,"Cross-fitted
DR-Learner",Point estimators,MasterSCM hidden confounding; Gamma=2; oracle set,,Oracle sensitivity-set inclusion rate,0.69,0.69,1.0,12,world (100 query units aggregated),MasterSCM/reports/hidden_track_panel_a_replacement/world_metrics_0_39.csv,,,,,2.0
(a),Synthetic Data Oracle Set Compatibility,dr_learner,"Cross-fitted
DR-Learner",Point estimators,MasterSCM hidden confounding; Gamma=2; oracle set,,Oracle sensitivity-set inclusion rate,0.68,0.68,1.0,13,world (100 query units aggregated),MasterSCM/reports/hidden_track_panel_a_replacement/world_metrics_0_39.csv,,,,,2.0
(a),Synthetic Data Oracle Set Compatibility,dr_learner,"Cross-fitted
DR-Learner",Point estimators,MasterSCM hidden confounding; Gamma=2; oracle set,,Oracle sensitivity-set inclusion rate,0.81,0.81,1.0,14,world (100 query units aggregated),MasterSCM/reports/hidden_track_panel_a_replacement/world_metrics_0_39.csv,,,,,2.0
(a),Synthetic Data Oracle Set Compatibility,dr_learner,"Cross-fitted
DR-Learner",Point estimators,MasterSCM hidden confounding; Gamma=2; oracle set,,Oracle sensitivity-set inclusion rate,0.83,0.83,1.0,15,world (100 query units aggregated),MasterSCM/reports/hidden_track_panel_a_replacement/world_metrics_0_39.csv,,,,,2.0
(a),Synthetic Data Oracle Set Compatibility,dr_learner,"Cross-fitted
DR-Learner",Point estimators,MasterSCM hidden confounding; Gamma=2; oracle set,,Oracle sensitivity-set inclusion rate,0.8,0.8,1.0,16,world (100 query units aggregated),MasterSCM/reports/hidden_track_panel_a_replacement/world_metrics_0_39.csv,,,,,2.0
(a),Synthetic Data Oracle Set Compatibility,dr_learner,"Cross-fitted
DR-Learner",Point estimators,MasterSCM hidden confounding; Gamma=2; oracle set,,Oracle sensitivity-set inclusion rate,0.76,0.76,1.0,17,world (100 query units aggregated),MasterSCM/reports/hidden_track_panel_a_replacement/world_metrics_0_39.csv,,,,,2.0
(a),Synthetic Data Oracle Set Compatibility,dr_learner,"Cross-fitted
DR-Learner",Point estimators,MasterSCM hidden confounding; Gamma=2; oracle set,,Oracle sensitivity-set inclusion rate,0.77,0.77,1.0,18,world (100 query units aggregated),MasterSCM/reports/hidden_track_panel_a_replacement/world_metrics_0_39.csv,,,,,2.0
(a),Synthetic Data Oracle Set Compatibility,dr_learner,"Cross-fitted
DR-Learner",Point estimators,MasterSCM hidden confounding; Gamma=2; oracle set,,Oracle sensitivity-set inclusion rate,0.79,0.79,1.0,19,world (100 query units aggregated),MasterSCM/reports/hidden_track_panel_a_replacement/world_metrics_0_39.csv,,,,,2.0
(a),Synthetic Data Oracle Set Compatibility,dr_learner,"Cross-fitted
DR-Learner",Point estimators,MasterSCM hidden confounding; Gamma=2; oracle set,,Oracle sensitivity-set inclusion rate,0.8,0.8,1.0,20,world (100 query units aggregated),MasterSCM/reports/hidden_track_panel_a_replacement/world_metrics_0_39.csv,,,,,2.0
(a),Synthetic Data Oracle Set Compatibility,dr_learner,"Cross-fitted
DR-Learner",Point estimators,MasterSCM hidden confounding; Gamma=2; oracle set,,Oracle sensitivity-set inclusion rate,0.84,0.84,1.0,21,world (100 query units aggregated),MasterSCM/reports/hidden_track_panel_a_replacement/world_metrics_0_39.csv,,,,,2.0
(a),Synthetic Data Oracle Set Compatibility,dr_learner,"Cross-fitted
DR-Learner",Point estimators,MasterSCM hidden confounding; Gamma=2; oracle set,,Oracle sensitivity-set inclusion rate,0.75,0.75,1.0,22,world (100 query units aggregated),MasterSCM/reports/hidden_track_panel_a_replacement/world_metrics_0_39.csv,,,,,2.0
(a),Synthetic Data Oracle Set Compatibility,dr_learner,"Cross-fitted
DR-Learner",Point estimators,MasterSCM hidden confounding; Gamma=2; oracle set,,Oracle sensitivity-set inclusion rate,0.78,0.78,1.0,23,world (100 query units aggregated),MasterSCM/reports/hidden_track_panel_a_replacement/world_metrics_0_39.csv,,,,,2.0
(a),Synthetic Data Oracle Set Compatibility,dr_learner,"Cross-fitted
DR-Learner",Point estimators,MasterSCM hidden confounding; Gamma=2; oracle set,,Oracle sensitivity-set inclusion rate,0.82,0.82,1.0,24,world (100 query units aggregated),MasterSCM/reports/hidden_track_panel_a_replacement/world_metrics_0_39.csv,,,,,2.0
(a),Synthetic Data Oracle Set Compatibility,dr_learner,"Cross-fitted
DR-Learner",Point estimators,MasterSCM hidden confounding; Gamma=2; oracle set,,Oracle sensitivity-set inclusion rate,0.75,0.75,1.0,25,world (100 query units aggregated),MasterSCM/reports/hidden_track_panel_a_replacement/world_metrics_0_39.csv,,,,,2.0
(a),Synthetic Data Oracle Set Compatibility,dr_learner,"Cross-fitted
DR-Learner",Point estimators,MasterSCM hidden confounding; Gamma=2; oracle set,,Oracle sensitivity-set inclusion rate,0.79,0.79,1.0,26,world (100 query units aggregated),MasterSCM/reports/hidden_track_panel_a_replacement/world_metrics_0_39.csv,,,,,2.0
(a),Synthetic Data Oracle Set Compatibility,dr_learner,"Cross-fitted
DR-Learner",Point estimators,MasterSCM hidden confounding; Gamma=2; oracle set,,Oracle sensitivity-set inclusion rate,0.75,0.75,1.0,27,world (100 query units aggregated),MasterSCM/reports/hidden_track_panel_a_replacement/world_metrics_0_39.csv,,,,,2.0
(a),Synthetic Data Oracle Set Compatibility,dr_learner,"Cross-fitted
DR-Learner",Point estimators,MasterSCM hidden confounding; Gamma=2; oracle set,,Oracle sensitivity-set inclusion rate,0.75,0.75,1.0,28,world (100 query units aggregated),MasterSCM/reports/hidden_track_panel_a_replacement/world_metrics_0_39.csv,,,,,2.0
(a),Synthetic Data Oracle Set Compatibility,dr_learner,"Cross-fitted
DR-Learner",Point estimators,MasterSCM hidden confounding; Gamma=2; oracle set,,Oracle sensitivity-set inclusion rate,0.8,0.8,1.0,29,world (100 query units aggregated),MasterSCM/reports/hidden_track_panel_a_replacement/world_metrics_0_39.csv,,,,,2.0
(a),Synthetic Data Oracle Set Compatibility,dr_learner,"Cross-fitted
DR-Learner",Point estimators,MasterSCM hidden confounding; Gamma=2; oracle set,,Oracle sensitivity-set inclusion rate,0.87,0.87,1.0,30,world (100 query units aggregated),MasterSCM/reports/hidden_track_panel_a_replacement/world_metrics_0_39.csv,,,,,2.0
(a),Synthetic Data Oracle Set Compatibility,dr_learner,"Cross-fitted
DR-Learner",Point estimators,MasterSCM hidden confounding; Gamma=2; oracle set,,Oracle sensitivity-set inclusion rate,0.89,0.89,1.0,31,world (100 query units aggregated),MasterSCM/reports/hidden_track_panel_a_replacement/world_metrics_0_39.csv,,,,,2.0
(a),Synthetic Data Oracle Set Compatibility,dr_learner,"Cross-fitted
DR-Learner",Point estimators,MasterSCM hidden confounding; Gamma=2; oracle set,,Oracle sensitivity-set inclusion rate,0.74,0.74,1.0,32,world (100 query units aggregated),MasterSCM/reports/hidden_track_panel_a_replacement/world_metrics_0_39.csv,,,,,2.0
(a),Synthetic Data Oracle Set Compatibility,dr_learner,"Cross-fitted
DR-Learner",Point estimators,MasterSCM hidden confounding; Gamma=2; oracle set,,Oracle sensitivity-set inclusion rate,0.8,0.8,1.0,33,world (100 query units aggregated),MasterSCM/reports/hidden_track_panel_a_replacement/world_metrics_0_39.csv,,,,,2.0
(a),Synthetic Data Oracle Set Compatibility,dr_learner,"Cross-fitted
DR-Learner",Point estimators,MasterSCM hidden confounding; Gamma=2; oracle set,,Oracle sensitivity-set inclusion rate,0.83,0.83,1.0,34,world (100 query units aggregated),MasterSCM/reports/hidden_track_panel_a_replacement/world_metrics_0_39.csv,,,,,2.0
(a),Synthetic Data Oracle Set Compatibility,dr_learner,"Cross-fitted
DR-Learner",Point estimators,MasterSCM hidden confounding; Gamma=2; oracle set,,Oracle sensitivity-set inclusion rate,0.8,0.8,1.0,35,world (100 query units aggregated),MasterSCM/reports/hidden_track_panel_a_replacement/world_metrics_0_39.csv,,,,,2.0
(a),Synthetic Data Oracle Set Compatibility,dr_learner,"Cross-fitted
DR-Learner",Point estimators,MasterSCM hidden confounding; Gamma=2; oracle set,,Oracle sensitivity-set inclusion rate,0.82,0.82,1.0,36,world (100 query units aggregated),MasterSCM/reports/hidden_track_panel_a_replacement/world_metrics_0_39.csv,,,,,2.0
(a),Synthetic Data Oracle Set Compatibility,dr_learner,"Cross-fitted
DR-Learner",Point estimators,MasterSCM hidden confounding; Gamma=2; oracle set,,Oracle sensitivity-set inclusion rate,0.84,0.84,1.0,37,world (100 query units aggregated),MasterSCM/reports/hidden_track_panel_a_replacement/world_metrics_0_39.csv,,,,,2.0
(a),Synthetic Data Oracle Set Compatibility,dr_learner,"Cross-fitted
DR-Learner",Point estimators,MasterSCM hidden confounding; Gamma=2; oracle set,,Oracle sensitivity-set inclusion rate,0.86,0.86,1.0,38,world (100 query units aggregated),MasterSCM/reports/hidden_track_panel_a_replacement/world_metrics_0_39.csv,,,,,2.0
(a),Synthetic Data Oracle Set Compatibility,dr_learner,"Cross-fitted
DR-Learner",Point estimators,MasterSCM hidden confounding; Gamma=2; oracle set,,Oracle sensitivity-set inclusion rate,0.77,0.77,1.0,39,world (100 query units aggregated),MasterSCM/reports/hidden_track_panel_a_replacement/world_metrics_0_39.csv,,,,,2.0
(a),Synthetic Data Oracle Set Compatibility,tabpfn_x,TabPFN-X,Point estimators,MasterSCM hidden confounding; Gamma=2; oracle set,,Oracle sensitivity-set inclusion rate,0.94,0.94,1.0,0,world (100 query units aggregated),MasterSCM/reports/hidden_track_panel_a_replacement/world_metrics_0_39.csv,,,,,2.0
(a),Synthetic Data Oracle Set Compatibility,tabpfn_x,TabPFN-X,Point estimators,MasterSCM hidden confounding; Gamma=2; oracle set,,Oracle sensitivity-set inclusion rate,0.89,0.89,1.0,1,world (100 query units aggregated),MasterSCM/reports/hidden_track_panel_a_replacement/world_metrics_0_39.csv,,,,,2.0
(a),Synthetic Data Oracle Set Compatibility,tabpfn_x,TabPFN-X,Point estimators,MasterSCM hidden confounding; Gamma=2; oracle set,,Oracle sensitivity-set inclusion rate,0.87,0.87,1.0,2,world (100 query units aggregated),MasterSCM/reports/hidden_track_panel_a_replacement/world_metrics_0_39.csv,,,,,2.0
(a),Synthetic Data Oracle Set Compatibility,tabpfn_x,TabPFN-X,Point estimators,MasterSCM hidden confounding; Gamma=2; oracle set,,Oracle sensitivity-set inclusion rate,0.81,0.81,1.0,3,world (100 query units aggregated),MasterSCM/reports/hidden_track_panel_a_replacement/world_metrics_0_39.csv,,,,,2.0
(a),Synthetic Data Oracle Set Compatibility,tabpfn_x,TabPFN-X,Point estimators,MasterSCM hidden confounding; Gamma=2; oracle set,,Oracle sensitivity-set inclusion rate,0.86,0.86,1.0,4,world (100 query units aggregated),MasterSCM/reports/hidden_track_panel_a_replacement/world_metrics_0_39.csv,,,,,2.0
(a),Synthetic Data Oracle Set Compatibility,tabpfn_x,TabPFN-X,Point estimators,MasterSCM hidden confounding; Gamma=2; oracle set,,Oracle sensitivity-set inclusion rate,0.97,0.97,1.0,5,world (100 query units aggregated),MasterSCM/reports/hidden_track_panel_a_replacement/world_metrics_0_39.csv,,,,,2.0
(a),Synthetic Data Oracle Set Compatibility,tabpfn_x,TabPFN-X,Point estimators,MasterSCM hidden confounding; Gamma=2; oracle set,,Oracle sensitivity-set inclusion rate,0.75,0.75,1.0,6,world (100 query units aggregated),MasterSCM/reports/hidden_track_panel_a_replacement/world_metrics_0_39.csv,,,,,2.0
(a),Synthetic Data Oracle Set Compatibility,tabpfn_x,TabPFN-X,Point estimators,MasterSCM hidden confounding; Gamma=2; oracle set,,Oracle sensitivity-set inclusion rate,0.88,0.88,1.0,7,world (100 query units aggregated),MasterSCM/reports/hidden_track_panel_a_replacement/world_metrics_0_39.csv,,,,,2.0
(a),Synthetic Data Oracle Set Compatibility,tabpfn_x,TabPFN-X,Point estimators,MasterSCM hidden confounding; Gamma=2; oracle set,,Oracle sensitivity-set inclusion rate,0.83,0.83,1.0,8,world (100 query units aggregated),MasterSCM/reports/hidden_track_panel_a_replacement/world_metrics_0_39.csv,,,,,2.0
(a),Synthetic Data Oracle Set Compatibility,tabpfn_x,TabPFN-X,Point estimators,MasterSCM hidden confounding; Gamma=2; oracle set,,Oracle sensitivity-set inclusion rate,0.84,0.84,1.0,9,world (100 query units aggregated),MasterSCM/reports/hidden_track_panel_a_replacement/world_metrics_0_39.csv,,,,,2.0
(a),Synthetic Data Oracle Set Compatibility,tabpfn_x,TabPFN-X,Point estimators,MasterSCM hidden confounding; Gamma=2; oracle set,,Oracle sensitivity-set inclusion rate,0.91,0.91,1.0,10,world (100 query units aggregated),MasterSCM/reports/hidden_track_panel_a_replacement/world_metrics_0_39.csv,,,,,2.0
(a),Synthetic Data Oracle Set Compatibility,tabpfn_x,TabPFN-X,Point estimators,MasterSCM hidden confounding; Gamma=2; oracle set,,Oracle sensitivity-set inclusion rate,0.82,0.82,1.0,11,world (100 query units aggregated),MasterSCM/reports/hidden_track_panel_a_replacement/world_metrics_0_39.csv,,,,,2.0
(a),Synthetic Data Oracle Set Compatibility,tabpfn_x,TabPFN-X,Point estimators,MasterSCM hidden confounding; Gamma=2; oracle set,,Oracle sensitivity-set inclusion rate,0.87,0.87,1.0,12,world (100 query units aggregated),MasterSCM/reports/hidden_track_panel_a_replacement/world_metrics_0_39.csv,,,,,2.0
(a),Synthetic Data Oracle Set Compatibility,tabpfn_x,TabPFN-X,Point estimators,MasterSCM hidden confounding; Gamma=2; oracle set,,Oracle sensitivity-set inclusion rate,0.79,0.79,1.0,13,world (100 query units aggregated),MasterSCM/reports/hidden_track_panel_a_replacement/world_metrics_0_39.csv,,,,,2.0
(a),Synthetic Data Oracle Set Compatibility,tabpfn_x,TabPFN-X,Point estimators,MasterSCM hidden confounding; Gamma=2; oracle set,,Oracle sensitivity-set inclusion rate,0.89,0.89,1.0,14,world (100 query units aggregated),MasterSCM/reports/hidden_track_panel_a_replacement/world_metrics_0_39.csv,,,,,2.0
(a),Synthetic Data Oracle Set Compatibility,tabpfn_x,TabPFN-X,Point estimators,MasterSCM hidden confounding; Gamma=2; oracle set,,Oracle sensitivity-set inclusion rate,0.97,0.97,1.0,15,world (100 query units aggregated),MasterSCM/reports/hidden_track_panel_a_replacement/world_metrics_0_39.csv,,,,,2.0
(a),Synthetic Data Oracle Set Compatibility,tabpfn_x,TabPFN-X,Point estimators,MasterSCM hidden confounding; Gamma=2; oracle set,,Oracle sensitivity-set inclusion rate,0.79,0.79,1.0,16,world (100 query units aggregated),MasterSCM/reports/hidden_track_panel_a_replacement/world_metrics_0_39.csv,,,,,2.0
(a),Synthetic Data Oracle Set Compatibility,tabpfn_x,TabPFN-X,Point estimators,MasterSCM hidden confounding; Gamma=2; oracle set,,Oracle sensitivity-set inclusion rate,0.82,0.82,1.0,17,world (100 query units aggregated),MasterSCM/reports/hidden_track_panel_a_replacement/world_metrics_0_39.csv,,,,,2.0
(a),Synthetic Data Oracle Set Compatibility,tabpfn_x,TabPFN-X,Point estimators,MasterSCM hidden confounding; Gamma=2; oracle set,,Oracle sensitivity-set inclusion rate,0.77,0.77,1.0,18,world (100 query units aggregated),MasterSCM/reports/hidden_track_panel_a_replacement/world_metrics_0_39.csv,,,,,2.0
(a),Synthetic Data Oracle Set Compatibility,tabpfn_x,TabPFN-X,Point estimators,MasterSCM hidden confounding; Gamma=2; oracle set,,Oracle sensitivity-set inclusion rate,0.8,0.8,1.0,19,world (100 query units aggregated),MasterSCM/reports/hidden_track_panel_a_replacement/world_metrics_0_39.csv,,,,,2.0
(a),Synthetic Data Oracle Set Compatibility,tabpfn_x,TabPFN-X,Point estimators,MasterSCM hidden confounding; Gamma=2; oracle set,,Oracle sensitivity-set inclusion rate,0.96,0.96,1.0,20,world (100 query units aggregated),MasterSCM/reports/hidden_track_panel_a_replacement/world_metrics_0_39.csv,,,,,2.0
(a),Synthetic Data Oracle Set Compatibility,tabpfn_x,TabPFN-X,Point estimators,MasterSCM hidden confounding; Gamma=2; oracle set,,Oracle sensitivity-set inclusion rate,0.89,0.89,1.0,21,world (100 query units aggregated),MasterSCM/reports/hidden_track_panel_a_replacement/world_metrics_0_39.csv,,,,,2.0
(a),Synthetic Data Oracle Set Compatibility,tabpfn_x,TabPFN-X,Point estimators,MasterSCM hidden confounding; Gamma=2; oracle set,,Oracle sensitivity-set inclusion rate,0.82,0.82,1.0,22,world (100 query units aggregated),MasterSCM/reports/hidden_track_panel_a_replacement/world_metrics_0_39.csv,,,,,2.0
(a),Synthetic Data Oracle Set Compatibility,tabpfn_x,TabPFN-X,Point estimators,MasterSCM hidden confounding; Gamma=2; oracle set,,Oracle sensitivity-set inclusion rate,0.84,0.84,1.0,23,world (100 query units aggregated),MasterSCM/reports/hidden_track_panel_a_replacement/world_metrics_0_39.csv,,,,,2.0
(a),Synthetic Data Oracle Set Compatibility,tabpfn_x,TabPFN-X,Point estimators,MasterSCM hidden confounding; Gamma=2; oracle set,,Oracle sensitivity-set inclusion rate,0.93,0.93,1.0,24,world (100 query units aggregated),MasterSCM/reports/hidden_track_panel_a_replacement/world_metrics_0_39.csv,,,,,2.0
(a),Synthetic Data Oracle Set Compatibility,tabpfn_x,TabPFN-X,Point estimators,MasterSCM hidden confounding; Gamma=2; oracle set,,Oracle sensitivity-set inclusion rate,0.99,0.99,1.0,25,world (100 query units aggregated),MasterSCM/reports/hidden_track_panel_a_replacement/world_metrics_0_39.csv,,,,,2.0
(a),Synthetic Data Oracle Set Compatibility,tabpfn_x,TabPFN-X,Point estimators,MasterSCM hidden confounding; Gamma=2; oracle set,,Oracle sensitivity-set inclusion rate,0.9,0.9,1.0,26,world (100 query units aggregated),MasterSCM/reports/hidden_track_panel_a_replacement/world_metrics_0_39.csv,,,,,2.0
(a),Synthetic Data Oracle Set Compatibility,tabpfn_x,TabPFN-X,Point estimators,MasterSCM hidden confounding; Gamma=2; oracle set,,Oracle sensitivity-set inclusion rate,0.82,0.82,1.0,27,world (100 query units aggregated),MasterSCM/reports/hidden_track_panel_a_replacement/world_metrics_0_39.csv,,,,,2.0
(a),Synthetic Data Oracle Set Compatibility,tabpfn_x,TabPFN-X,Point estimators,MasterSCM hidden confounding; Gamma=2; oracle set,,Oracle sensitivity-set inclusion rate,0.79,0.79,1.0,28,world (100 query units aggregated),MasterSCM/reports/hidden_track_panel_a_replacement/world_metrics_0_39.csv,,,,,2.0
(a),Synthetic Data Oracle Set Compatibility,tabpfn_x,TabPFN-X,Point estimators,MasterSCM hidden confounding; Gamma=2; oracle set,,Oracle sensitivity-set inclusion rate,0.84,0.84,1.0,29,world (100 query units aggregated),MasterSCM/reports/hidden_track_panel_a_replacement/world_metrics_0_39.csv,,,,,2.0
(a),Synthetic Data Oracle Set Compatibility,tabpfn_x,TabPFN-X,Point estimators,MasterSCM hidden confounding; Gamma=2; oracle set,,Oracle sensitivity-set inclusion rate,0.92,0.92,1.0,30,world (100 query units aggregated),MasterSCM/reports/hidden_track_panel_a_replacement/world_metrics_0_39.csv,,,,,2.0
(a),Synthetic Data Oracle Set Compatibility,tabpfn_x,TabPFN-X,Point estimators,MasterSCM hidden confounding; Gamma=2; oracle set,,Oracle sensitivity-set inclusion rate,0.87,0.87,1.0,31,world (100 query units aggregated),MasterSCM/reports/hidden_track_panel_a_replacement/world_metrics_0_39.csv,,,,,2.0
(a),Synthetic Data Oracle Set Compatibility,tabpfn_x,TabPFN-X,Point estimators,MasterSCM hidden confounding; Gamma=2; oracle set,,Oracle sensitivity-set inclusion rate,0.86,0.86,1.0,32,world (100 query units aggregated),MasterSCM/reports/hidden_track_panel_a_replacement/world_metrics_0_39.csv,,,,,2.0
(a),Synthetic Data Oracle Set Compatibility,tabpfn_x,TabPFN-X,Point estimators,MasterSCM hidden confounding; Gamma=2; oracle set,,Oracle sensitivity-set inclusion rate,0.86,0.86,1.0,33,world (100 query units aggregated),MasterSCM/reports/hidden_track_panel_a_replacement/world_metrics_0_39.csv,,,,,2.0
(a),Synthetic Data Oracle Set Compatibility,tabpfn_x,TabPFN-X,Point estimators,MasterSCM hidden confounding; Gamma=2; oracle set,,Oracle sensitivity-set inclusion rate,0.86,0.86,1.0,34,world (100 query units aggregated),MasterSCM/reports/hidden_track_panel_a_replacement/world_metrics_0_39.csv,,,,,2.0
(a),Synthetic Data Oracle Set Compatibility,tabpfn_x,TabPFN-X,Point estimators,MasterSCM hidden confounding; Gamma=2; oracle set,,Oracle sensitivity-set inclusion rate,0.93,0.93,1.0,35,world (100 query units aggregated),MasterSCM/reports/hidden_track_panel_a_replacement/world_metrics_0_39.csv,,,,,2.0
(a),Synthetic Data Oracle Set Compatibility,tabpfn_x,TabPFN-X,Point estimators,MasterSCM hidden confounding; Gamma=2; oracle set,,Oracle sensitivity-set inclusion rate,0.86,0.86,1.0,36,world (100 query units aggregated),MasterSCM/reports/hidden_track_panel_a_replacement/world_metrics_0_39.csv,,,,,2.0
(a),Synthetic Data Oracle Set Compatibility,tabpfn_x,TabPFN-X,Point estimators,MasterSCM hidden confounding; Gamma=2; oracle set,,Oracle sensitivity-set inclusion rate,0.87,0.87,1.0,37,world (100 query units aggregated),MasterSCM/reports/hidden_track_panel_a_replacement/world_metrics_0_39.csv,,,,,2.0
(a),Synthetic Data Oracle Set Compatibility,tabpfn_x,TabPFN-X,Point estimators,MasterSCM hidden confounding; Gamma=2; oracle set,,Oracle sensitivity-set inclusion rate,0.88,0.88,1.0,38,world (100 query units aggregated),MasterSCM/reports/hidden_track_panel_a_replacement/world_metrics_0_39.csv,,,,,2.0
(a),Synthetic Data Oracle Set Compatibility,tabpfn_x,TabPFN-X,Point estimators,MasterSCM hidden confounding; Gamma=2; oracle set,,Oracle sensitivity-set inclusion rate,0.83,0.83,1.0,39,world (100 query units aggregated),MasterSCM/reports/hidden_track_panel_a_replacement/world_metrics_0_39.csv,,,,,2.0
(a),Synthetic Data Oracle Set Compatibility,xgb_x,"XGBoost
+ X-Learner",Point estimators,MasterSCM hidden confounding; Gamma=2; oracle set,,Oracle sensitivity-set inclusion rate,0.8,0.8,1.0,0,world (100 query units aggregated),MasterSCM/reports/hidden_track_panel_a_replacement/world_metrics_0_39.csv,,,,,2.0
(a),Synthetic Data Oracle Set Compatibility,xgb_x,"XGBoost
+ X-Learner",Point estimators,MasterSCM hidden confounding; Gamma=2; oracle set,,Oracle sensitivity-set inclusion rate,0.71,0.71,1.0,1,world (100 query units aggregated),MasterSCM/reports/hidden_track_panel_a_replacement/world_metrics_0_39.csv,,,,,2.0
(a),Synthetic Data Oracle Set Compatibility,xgb_x,"XGBoost
+ X-Learner",Point estimators,MasterSCM hidden confounding; Gamma=2; oracle set,,Oracle sensitivity-set inclusion rate,0.83,0.83,1.0,2,world (100 query units aggregated),MasterSCM/reports/hidden_track_panel_a_replacement/world_metrics_0_39.csv,,,,,2.0
(a),Synthetic Data Oracle Set Compatibility,xgb_x,"XGBoost
+ X-Learner",Point estimators,MasterSCM hidden confounding; Gamma=2; oracle set,,Oracle sensitivity-set inclusion rate,0.74,0.74,1.0,3,world (100 query units aggregated),MasterSCM/reports/hidden_track_panel_a_replacement/world_metrics_0_39.csv,,,,,2.0
(a),Synthetic Data Oracle Set Compatibility,xgb_x,"XGBoost
+ X-Learner",Point estimators,MasterSCM hidden confounding; Gamma=2; oracle set,,Oracle sensitivity-set inclusion rate,0.68,0.68,1.0,4,world (100 query units aggregated),MasterSCM/reports/hidden_track_panel_a_replacement/world_metrics_0_39.csv,,,,,2.0
(a),Synthetic Data Oracle Set Compatibility,xgb_x,"XGBoost
+ X-Learner",Point estimators,MasterSCM hidden confounding; Gamma=2; oracle set,,Oracle sensitivity-set inclusion rate,0.86,0.86,1.0,5,world (100 query units aggregated),MasterSCM/reports/hidden_track_panel_a_replacement/world_metrics_0_39.csv,,,,,2.0
(a),Synthetic Data Oracle Set Compatibility,xgb_x,"XGBoost
+ X-Learner",Point estimators,MasterSCM hidden confounding; Gamma=2; oracle set,,Oracle sensitivity-set inclusion rate,0.62,0.62,1.0,6,world (100 query units aggregated),MasterSCM/reports/hidden_track_panel_a_replacement/world_metrics_0_39.csv,,,,,2.0
(a),Synthetic Data Oracle Set Compatibility,xgb_x,"XGBoost
+ X-Learner",Point estimators,MasterSCM hidden confounding; Gamma=2; oracle set,,Oracle sensitivity-set inclusion rate,0.7,0.7,1.0,7,world (100 query units aggregated),MasterSCM/reports/hidden_track_panel_a_replacement/world_metrics_0_39.csv,,,,,2.0
(a),Synthetic Data Oracle Set Compatibility,xgb_x,"XGBoost
+ X-Learner",Point estimators,MasterSCM hidden confounding; Gamma=2; oracle set,,Oracle sensitivity-set inclusion rate,0.71,0.71,1.0,8,world (100 query units aggregated),MasterSCM/reports/hidden_track_panel_a_replacement/world_metrics_0_39.csv,,,,,2.0
(a),Synthetic Data Oracle Set Compatibility,xgb_x,"XGBoost
+ X-Learner",Point estimators,MasterSCM hidden confounding; Gamma=2; oracle set,,Oracle sensitivity-set inclusion rate,0.79,0.79,1.0,9,world (100 query units aggregated),MasterSCM/reports/hidden_track_panel_a_replacement/world_metrics_0_39.csv,,,,,2.0
(a),Synthetic Data Oracle Set Compatibility,xgb_x,"XGBoost
+ X-Learner",Point estimators,MasterSCM hidden confounding; Gamma=2; oracle set,,Oracle sensitivity-set inclusion rate,0.75,0.75,1.0,10,world (100 query units aggregated),MasterSCM/reports/hidden_track_panel_a_replacement/world_metrics_0_39.csv,,,,,2.0
(a),Synthetic Data Oracle Set Compatibility,xgb_x,"XGBoost
+ X-Learner",Point estimators,MasterSCM hidden confounding; Gamma=2; oracle set,,Oracle sensitivity-set inclusion rate,0.7,0.7,1.0,11,world (100 query units aggregated),MasterSCM/reports/hidden_track_panel_a_replacement/world_metrics_0_39.csv,,,,,2.0
(a),Synthetic Data Oracle Set Compatibility,xgb_x,"XGBoost
+ X-Learner",Point estimators,MasterSCM hidden confounding; Gamma=2; oracle set,,Oracle sensitivity-set inclusion rate,0.67,0.67,1.0,12,world (100 query units aggregated),MasterSCM/reports/hidden_track_panel_a_replacement/world_metrics_0_39.csv,,,,,2.0
(a),Synthetic Data Oracle Set Compatibility,xgb_x,"XGBoost
+ X-Learner",Point estimators,MasterSCM hidden confounding; Gamma=2; oracle set,,Oracle sensitivity-set inclusion rate,0.7,0.7,1.0,13,world (100 query units aggregated),MasterSCM/reports/hidden_track_panel_a_replacement/world_metrics_0_39.csv,,,,,2.0
(a),Synthetic Data Oracle Set Compatibility,xgb_x,"XGBoost
+ X-Learner",Point estimators,MasterSCM hidden confounding; Gamma=2; oracle set,,Oracle sensitivity-set inclusion rate,0.69,0.69,1.0,14,world (100 query units aggregated),MasterSCM/reports/hidden_track_panel_a_replacement/world_metrics_0_39.csv,,,,,2.0
(a),Synthetic Data Oracle Set Compatibility,xgb_x,"XGBoost
+ X-Learner",Point estimators,MasterSCM hidden confounding; Gamma=2; oracle set,,Oracle sensitivity-set inclusion rate,0.82,0.82,1.0,15,world (100 query units aggregated),MasterSCM/reports/hidden_track_panel_a_replacement/world_metrics_0_39.csv,,,,,2.0
(a),Synthetic Data Oracle Set Compatibility,xgb_x,"XGBoost
+ X-Learner",Point estimators,MasterSCM hidden confounding; Gamma=2; oracle set,,Oracle sensitivity-set inclusion rate,0.72,0.72,1.0,16,world (100 query units aggregated),MasterSCM/reports/hidden_track_panel_a_replacement/world_metrics_0_39.csv,,,,,2.0
(a),Synthetic Data Oracle Set Compatibility,xgb_x,"XGBoost
+ X-Learner",Point estimators,MasterSCM hidden confounding; Gamma=2; oracle set,,Oracle sensitivity-set inclusion rate,0.67,0.67,1.0,17,world (100 query units aggregated),MasterSCM/reports/hidden_track_panel_a_replacement/world_metrics_0_39.csv,,,,,2.0
(a),Synthetic Data Oracle Set Compatibility,xgb_x,"XGBoost
+ X-Learner",Point estimators,MasterSCM hidden confounding; Gamma=2; oracle set,,Oracle sensitivity-set inclusion rate,0.73,0.73,1.0,18,world (100 query units aggregated),MasterSCM/reports/hidden_track_panel_a_replacement/world_metrics_0_39.csv,,,,,2.0
(a),Synthetic Data Oracle Set Compatibility,xgb_x,"XGBoost
+ X-Learner",Point estimators,MasterSCM hidden confounding; Gamma=2; oracle set,,Oracle sensitivity-set inclusion rate,0.72,0.72,1.0,19,world (100 query units aggregated),MasterSCM/reports/hidden_track_panel_a_replacement/world_metrics_0_39.csv,,,,,2.0
(a),Synthetic Data Oracle Set Compatibility,xgb_x,"XGBoost
+ X-Learner",Point estimators,MasterSCM hidden confounding; Gamma=2; oracle set,,Oracle sensitivity-set inclusion rate,0.75,0.75,1.0,20,world (100 query units aggregated),MasterSCM/reports/hidden_track_panel_a_replacement/world_metrics_0_39.csv,,,,,2.0
(a),Synthetic Data Oracle Set Compatibility,xgb_x,"XGBoost
+ X-Learner",Point estimators,MasterSCM hidden confounding; Gamma=2; oracle set,,Oracle sensitivity-set inclusion rate,0.79,0.79,1.0,21,world (100 query units aggregated),MasterSCM/reports/hidden_track_panel_a_replacement/world_metrics_0_39.csv,,,,,2.0
(a),Synthetic Data Oracle Set Compatibility,xgb_x,"XGBoost
+ X-Learner",Point estimators,MasterSCM hidden confounding; Gamma=2; oracle set,,Oracle sensitivity-set inclusion rate,0.7,0.7,1.0,22,world (100 query units aggregated),MasterSCM/reports/hidden_track_panel_a_replacement/world_metrics_0_39.csv,,,,,2.0
(a),Synthetic Data Oracle Set Compatibility,xgb_x,"XGBoost
+ X-Learner",Point estimators,MasterSCM hidden confounding; Gamma=2; oracle set,,Oracle sensitivity-set inclusion rate,0.78,0.78,1.0,23,world (100 query units aggregated),MasterSCM/reports/hidden_track_panel_a_replacement/world_metrics_0_39.csv,,,,,2.0
(a),Synthetic Data Oracle Set Compatibility,xgb_x,"XGBoost
+ X-Learner",Point estimators,MasterSCM hidden confounding; Gamma=2; oracle set,,Oracle sensitivity-set inclusion rate,0.73,0.73,1.0,24,world (100 query units aggregated),MasterSCM/reports/hidden_track_panel_a_replacement/world_metrics_0_39.csv,,,,,2.0
(a),Synthetic Data Oracle Set Compatibility,xgb_x,"XGBoost
+ X-Learner",Point estimators,MasterSCM hidden confounding; Gamma=2; oracle set,,Oracle sensitivity-set inclusion rate,0.79,0.79,1.0,25,world (100 query units aggregated),MasterSCM/reports/hidden_track_panel_a_replacement/world_metrics_0_39.csv,,,,,2.0
(a),Synthetic Data Oracle Set Compatibility,xgb_x,"XGBoost
+ X-Learner",Point estimators,MasterSCM hidden confounding; Gamma=2; oracle set,,Oracle sensitivity-set inclusion rate,0.78,0.78,1.0,26,world (100 query units aggregated),MasterSCM/reports/hidden_track_panel_a_replacement/world_metrics_0_39.csv,,,,,2.0
(a),Synthetic Data Oracle Set Compatibility,xgb_x,"XGBoost
+ X-Learner",Point estimators,MasterSCM hidden confounding; Gamma=2; oracle set,,Oracle sensitivity-set inclusion rate,0.69,0.69,1.0,27,world (100 query units aggregated),MasterSCM/reports/hidden_track_panel_a_replacement/world_metrics_0_39.csv,,,,,2.0
(a),Synthetic Data Oracle Set Compatibility,xgb_x,"XGBoost
+ X-Learner",Point estimators,MasterSCM hidden confounding; Gamma=2; oracle set,,Oracle sensitivity-set inclusion rate,0.68,0.68,1.0,28,world (100 query units aggregated),MasterSCM/reports/hidden_track_panel_a_replacement/world_metrics_0_39.csv,,,,,2.0
(a),Synthetic Data Oracle Set Compatibility,xgb_x,"XGBoost
+ X-Learner",Point estimators,MasterSCM hidden confounding; Gamma=2; oracle set,,Oracle sensitivity-set inclusion rate,0.76,0.76,1.0,29,world (100 query units aggregated),MasterSCM/reports/hidden_track_panel_a_replacement/world_metrics_0_39.csv,,,,,2.0
(a),Synthetic Data Oracle Set Compatibility,xgb_x,"XGBoost
+ X-Learner",Point estimators,MasterSCM hidden confounding; Gamma=2; oracle set,,Oracle sensitivity-set inclusion rate,0.8,0.8,1.0,30,world (100 query units aggregated),MasterSCM/reports/hidden_track_panel_a_replacement/world_metrics_0_39.csv,,,,,2.0
(a),Synthetic Data Oracle Set Compatibility,xgb_x,"XGBoost
+ X-Learner",Point estimators,MasterSCM hidden confounding; Gamma=2; oracle set,,Oracle sensitivity-set inclusion rate,0.72,0.72,1.0,31,world (100 query units aggregated),MasterSCM/reports/hidden_track_panel_a_replacement/world_metrics_0_39.csv,,,,,2.0
(a),Synthetic Data Oracle Set Compatibility,xgb_x,"XGBoost
+ X-Learner",Point estimators,MasterSCM hidden confounding; Gamma=2; oracle set,,Oracle sensitivity-set inclusion rate,0.75,0.75,1.0,32,world (100 query units aggregated),MasterSCM/reports/hidden_track_panel_a_replacement/world_metrics_0_39.csv,,,,,2.0
(a),Synthetic Data Oracle Set Compatibility,xgb_x,"XGBoost
+ X-Learner",Point estimators,MasterSCM hidden confounding; Gamma=2; oracle set,,Oracle sensitivity-set inclusion rate,0.7,0.7,1.0,33,world (100 query units aggregated),MasterSCM/reports/hidden_track_panel_a_replacement/world_metrics_0_39.csv,,,,,2.0
(a),Synthetic Data Oracle Set Compatibility,xgb_x,"XGBoost
+ X-Learner",Point estimators,MasterSCM hidden confounding; Gamma=2; oracle set,,Oracle sensitivity-set inclusion rate,0.68,0.68,1.0,34,world (100 query units aggregated),MasterSCM/reports/hidden_track_panel_a_replacement/world_metrics_0_39.csv,,,,,2.0
(a),Synthetic Data Oracle Set Compatibility,xgb_x,"XGBoost
+ X-Learner",Point estimators,MasterSCM hidden confounding; Gamma=2; oracle set,,Oracle sensitivity-set inclusion rate,0.7,0.7,1.0,35,world (100 query units aggregated),MasterSCM/reports/hidden_track_panel_a_replacement/world_metrics_0_39.csv,,,,,2.0
(a),Synthetic Data Oracle Set Compatibility,xgb_x,"XGBoost
+ X-Learner",Point estimators,MasterSCM hidden confounding; Gamma=2; oracle set,,Oracle sensitivity-set inclusion rate,0.77,0.77,1.0,36,world (100 query units aggregated),MasterSCM/reports/hidden_track_panel_a_replacement/world_metrics_0_39.csv,,,,,2.0
(a),Synthetic Data Oracle Set Compatibility,xgb_x,"XGBoost
+ X-Learner",Point estimators,MasterSCM hidden confounding; Gamma=2; oracle set,,Oracle sensitivity-set inclusion rate,0.82,0.82,1.0,37,world (100 query units aggregated),MasterSCM/reports/hidden_track_panel_a_replacement/world_metrics_0_39.csv,,,,,2.0
(a),Synthetic Data Oracle Set Compatibility,xgb_x,"XGBoost
+ X-Learner",Point estimators,MasterSCM hidden confounding; Gamma=2; oracle set,,Oracle sensitivity-set inclusion rate,0.73,0.73,1.0,38,world (100 query units aggregated),MasterSCM/reports/hidden_track_panel_a_replacement/world_metrics_0_39.csv,,,,,2.0
(a),Synthetic Data Oracle Set Compatibility,xgb_x,"XGBoost
+ X-Learner",Point estimators,MasterSCM hidden confounding; Gamma=2; oracle set,,Oracle sensitivity-set inclusion rate,0.74,0.74,1.0,39,world (100 query units aggregated),MasterSCM/reports/hidden_track_panel_a_replacement/world_metrics_0_39.csv,,,,,2.0
(b),Synthetic Data Point Estimation,causalpfn,CausalPFN,Causal foundation models,Observed confounder (BD),bd,sPEHE,0.45133885577703625,0.45133885577703625,1.0,bd,aggregate_over_40_paired_master_scm_worlds,MasterSCM/reports/additional_seeds_20_39/world_metrics_0_39.csv,0.4310430878292198,0.47267856773838557,40.0,,
(b),Synthetic Data Point Estimation,causalpfn,CausalPFN,Causal foundation models,Hidden confounder (HC),hc,sPEHE,0.6914475669774914,0.6914475669774914,1.0,hc,aggregate_over_40_paired_master_scm_worlds,MasterSCM/reports/additional_seeds_20_39/world_metrics_0_39.csv,0.6642189942012545,0.717414508608076,40.0,,
(b),Synthetic Data Point Estimation,dopfn,Do-PFN,Causal foundation models,Observed confounder (BD),bd,sPEHE,0.5968532427141564,0.5968532427141564,1.0,bd,aggregate_over_40_paired_master_scm_worlds,MasterSCM/reports/additional_seeds_20_39/world_metrics_0_39.csv,0.5795428022895653,0.6149014424335512,40.0,,
(b),Synthetic Data Point Estimation,dopfn,Do-PFN,Causal foundation models,Hidden confounder (HC),hc,sPEHE,0.6037265904403228,0.6037265904403228,1.0,hc,aggregate_over_40_paired_master_scm_worlds,MasterSCM/reports/additional_seeds_20_39/world_metrics_0_39.csv,0.5857984794540746,0.6222385403369548,40.0,,
(b),Synthetic Data Point Estimation,causalfm,CausalFM,Causal foundation models,Observed confounder (BD),bd,sPEHE,0.481152712266096,0.481152712266096,1.0,bd,aggregate_over_40_paired_master_scm_worlds,MasterSCM/reports/additional_seeds_20_39/world_metrics_0_39.csv,0.47107222984358377,0.4918809849963385,40.0,,
(b),Synthetic Data Point Estimation,causalfm,CausalFM,Causal foundation models,Hidden confounder (HC),hc,sPEHE,0.5116209121516756,0.5116209121516756,1.0,hc,aggregate_over_40_paired_master_scm_worlds,MasterSCM/reports/additional_seeds_20_39/world_metrics_0_39.csv,0.500584656623207,0.5226177862475427,40.0,,
(b),Synthetic Data Point Estimation,tabpfn_x,TabPFN-X,Standard estimators,Observed confounder (BD),bd,sPEHE,0.3817210794011025,0.3817210794011025,1.0,bd,aggregate_over_40_paired_master_scm_worlds,MasterSCM/reports/additional_seeds_20_39/world_metrics_0_39.csv,0.35657568584578064,0.4056513819267864,40.0,,
(b),Synthetic Data Point Estimation,tabpfn_x,TabPFN-X,Standard estimators,Hidden confounder (HC),hc,sPEHE,0.6737927550842426,0.6737927550842426,1.0,hc,aggregate_over_40_paired_master_scm_worlds,MasterSCM/reports/additional_seeds_20_39/world_metrics_0_39.csv,0.6491664537965606,0.6973838588388813,40.0,,
(c),IHDP-HC Point Estimation,causalpfn,CausalPFN,Causal foundation models,Full Observed,full,sPEHE,0.6898047633350369,0.6898047633350369,1.0,full,aggregate_over_trial,MasterSCM/results/ihdp_ihdphc/table1_metric_summary.csv,0.5784743485864704,0.8261365207785943,100.0,,
(c),IHDP-HC Point Estimation,causalpfn,CausalPFN,Causal foundation models,Hidden Confounder,hidden,sPEHE,2.39448370174282,2.39448370174282,1.0,hidden,aggregate_over_trial,MasterSCM/results/ihdp_ihdphc/table1_metric_summary.csv,1.9102446339803336,2.9298486325661206,100.0,,
(c),IHDP-HC Point Estimation,causalfm,CausalFM,Causal foundation models,Full Observed,full,sPEHE,6.960539743205138,6.960539743205138,1.0,full,aggregate_over_trial,MasterSCM/results/ihdp_ihdphc/table1_metric_summary.csv,5.773489861272487,8.320334901363236,100.0,,
(c),IHDP-HC Point Estimation,causalfm,CausalFM,Causal foundation models,Hidden Confounder,hidden,sPEHE,7.102382273726746,7.102382273726746,1.0,hidden,aggregate_over_trial,MasterSCM/results/ihdp_ihdphc/table1_metric_summary.csv,5.8594571300098695,8.518014121689545,100.0,,
(c),IHDP-HC Point Estimation,dopfn,Do-PFN,Causal foundation models,Full Observed,full,sPEHE,7.635013074805495,7.635013074805495,1.0,full,aggregate_over_trial,MasterSCM/results/ihdp_ihdphc/table1_metric_summary.csv,6.119259104883631,9.37823044498546,100.0,,
(c),IHDP-HC Point Estimation,dopfn,Do-PFN,Causal foundation models,Hidden Confounder,hidden,sPEHE,7.580966106210416,7.580966106210416,1.0,hidden,aggregate_over_trial,MasterSCM/results/ihdp_ihdphc/table1_metric_summary.csv,6.039048088998136,9.347826957197253,100.0,,
(c),IHDP-HC Point Estimation,tabpfn_x,TabPFN-X,Standard estimators,Full Observed,full,sPEHE,1.1722193826503742,1.1722193826503742,1.0,full,aggregate_over_trial,MasterSCM/results/ihdp_ihdphc/table1_metric_summary.csv,0.989947205943922,1.38843625214597,100.0,,
(c),IHDP-HC Point Estimation,tabpfn_x,TabPFN-X,Standard estimators,Hidden Confounder,hidden,sPEHE,2.5108947366081167,2.5108947366081167,1.0,hidden,aggregate_over_trial,MasterSCM/results/ihdp_ihdphc/table1_metric_summary.csv,2.0521675561232424,3.020825126138871,100.0,,
(d),Sensitivity-Aware Inference,csa_pfn_msm,CSA-PFN + MSM,Sensitivity-aware CFM,MasterSCM hidden confounding; Gamma=2,,Combined endpoint RMSE,0.8101175827633902,0.8101175827633902,1.0,0,world,MasterSCM/reports/additional_seeds_20_39/world_metrics_0_39.csv,,,,,2.0
(d),Sensitivity-Aware Inference,csa_pfn_msm,CSA-PFN + MSM,Sensitivity-aware CFM,MasterSCM hidden confounding; Gamma=2,,Combined endpoint RMSE,0.9011726347933016,0.9011726347933016,1.0,1,world,MasterSCM/reports/additional_seeds_20_39/world_metrics_0_39.csv,,,,,2.0
(d),Sensitivity-Aware Inference,csa_pfn_msm,CSA-PFN + MSM,Sensitivity-aware CFM,MasterSCM hidden confounding; Gamma=2,,Combined endpoint RMSE,0.7304045145241211,0.7304045145241211,1.0,2,world,MasterSCM/reports/additional_seeds_20_39/world_metrics_0_39.csv,,,,,2.0
(d),Sensitivity-Aware Inference,csa_pfn_msm,CSA-PFN + MSM,Sensitivity-aware CFM,MasterSCM hidden confounding; Gamma=2,,Combined endpoint RMSE,0.8123206181260041,0.8123206181260041,1.0,3,world,MasterSCM/reports/additional_seeds_20_39/world_metrics_0_39.csv,,,,,2.0
(d),Sensitivity-Aware Inference,csa_pfn_msm,CSA-PFN + MSM,Sensitivity-aware CFM,MasterSCM hidden confounding; Gamma=2,,Combined endpoint RMSE,0.7490230463330619,0.7490230463330619,1.0,4,world,MasterSCM/reports/additional_seeds_20_39/world_metrics_0_39.csv,,,,,2.0
(d),Sensitivity-Aware Inference,csa_pfn_msm,CSA-PFN + MSM,Sensitivity-aware CFM,MasterSCM hidden confounding; Gamma=2,,Combined endpoint RMSE,0.7572908832105303,0.7572908832105303,1.0,5,world,MasterSCM/reports/additional_seeds_20_39/world_metrics_0_39.csv,,,,,2.0
(d),Sensitivity-Aware Inference,csa_pfn_msm,CSA-PFN + MSM,Sensitivity-aware CFM,MasterSCM hidden confounding; Gamma=2,,Combined endpoint RMSE,0.7967876063698561,0.7967876063698561,1.0,6,world,MasterSCM/reports/additional_seeds_20_39/world_metrics_0_39.csv,,,,,2.0
(d),Sensitivity-Aware Inference,csa_pfn_msm,CSA-PFN + MSM,Sensitivity-aware CFM,MasterSCM hidden confounding; Gamma=2,,Combined endpoint RMSE,0.799389308607845,0.799389308607845,1.0,7,world,MasterSCM/reports/additional_seeds_20_39/world_metrics_0_39.csv,,,,,2.0
(d),Sensitivity-Aware Inference,csa_pfn_msm,CSA-PFN + MSM,Sensitivity-aware CFM,MasterSCM hidden confounding; Gamma=2,,Combined endpoint RMSE,0.8581964402860621,0.8581964402860621,1.0,8,world,MasterSCM/reports/additional_seeds_20_39/world_metrics_0_39.csv,,,,,2.0
(d),Sensitivity-Aware Inference,csa_pfn_msm,CSA-PFN + MSM,Sensitivity-aware CFM,MasterSCM hidden confounding; Gamma=2,,Combined endpoint RMSE,0.8719504369467577,0.8719504369467577,1.0,9,world,MasterSCM/reports/additional_seeds_20_39/world_metrics_0_39.csv,,,,,2.0
(d),Sensitivity-Aware Inference,csa_pfn_msm,CSA-PFN + MSM,Sensitivity-aware CFM,MasterSCM hidden confounding; Gamma=2,,Combined endpoint RMSE,0.791120986134717,0.791120986134717,1.0,10,world,MasterSCM/reports/additional_seeds_20_39/world_metrics_0_39.csv,,,,,2.0
(d),Sensitivity-Aware Inference,csa_pfn_msm,CSA-PFN + MSM,Sensitivity-aware CFM,MasterSCM hidden confounding; Gamma=2,,Combined endpoint RMSE,0.8349624774924475,0.8349624774924475,1.0,11,world,MasterSCM/reports/additional_seeds_20_39/world_metrics_0_39.csv,,,,,2.0
(d),Sensitivity-Aware Inference,csa_pfn_msm,CSA-PFN + MSM,Sensitivity-aware CFM,MasterSCM hidden confounding; Gamma=2,,Combined endpoint RMSE,0.816402797190348,0.816402797190348,1.0,12,world,MasterSCM/reports/additional_seeds_20_39/world_metrics_0_39.csv,,,,,2.0
(d),Sensitivity-Aware Inference,csa_pfn_msm,CSA-PFN + MSM,Sensitivity-aware CFM,MasterSCM hidden confounding; Gamma=2,,Combined endpoint RMSE,0.8686204799035466,0.8686204799035466,1.0,13,world,MasterSCM/reports/additional_seeds_20_39/world_metrics_0_39.csv,,,,,2.0
(d),Sensitivity-Aware Inference,csa_pfn_msm,CSA-PFN + MSM,Sensitivity-aware CFM,MasterSCM hidden confounding; Gamma=2,,Combined endpoint RMSE,0.9088413130988688,0.9088413130988688,1.0,14,world,MasterSCM/reports/additional_seeds_20_39/world_metrics_0_39.csv,,,,,2.0
(d),Sensitivity-Aware Inference,csa_pfn_msm,CSA-PFN + MSM,Sensitivity-aware CFM,MasterSCM hidden confounding; Gamma=2,,Combined endpoint RMSE,0.7924721828311413,0.7924721828311413,1.0,15,world,MasterSCM/reports/additional_seeds_20_39/world_metrics_0_39.csv,,,,,2.0
(d),Sensitivity-Aware Inference,csa_pfn_msm,CSA-PFN + MSM,Sensitivity-aware CFM,MasterSCM hidden confounding; Gamma=2,,Combined endpoint RMSE,0.764605893018195,0.764605893018195,1.0,16,world,MasterSCM/reports/additional_seeds_20_39/world_metrics_0_39.csv,,,,,2.0
(d),Sensitivity-Aware Inference,csa_pfn_msm,CSA-PFN + MSM,Sensitivity-aware CFM,MasterSCM hidden confounding; Gamma=2,,Combined endpoint RMSE,0.858803448399896,0.858803448399896,1.0,17,world,MasterSCM/reports/additional_seeds_20_39/world_metrics_0_39.csv,,,,,2.0
(d),Sensitivity-Aware Inference,csa_pfn_msm,CSA-PFN + MSM,Sensitivity-aware CFM,MasterSCM hidden confounding; Gamma=2,,Combined endpoint RMSE,0.8299509128771407,0.8299509128771407,1.0,18,world,MasterSCM/reports/additional_seeds_20_39/world_metrics_0_39.csv,,,,,2.0
(d),Sensitivity-Aware Inference,csa_pfn_msm,CSA-PFN + MSM,Sensitivity-aware CFM,MasterSCM hidden confounding; Gamma=2,,Combined endpoint RMSE,0.8672765283471418,0.8672765283471418,1.0,19,world,MasterSCM/reports/additional_seeds_20_39/world_metrics_0_39.csv,,,,,2.0
(d),Sensitivity-Aware Inference,csa_pfn_msm,CSA-PFN + MSM,Sensitivity-aware CFM,MasterSCM hidden confounding; Gamma=2,,Combined endpoint RMSE,0.7979921674803726,0.7979921674803726,1.0,20,world,MasterSCM/reports/additional_seeds_20_39/world_metrics_0_39.csv,,,,,2.0
(d),Sensitivity-Aware Inference,csa_pfn_msm,CSA-PFN + MSM,Sensitivity-aware CFM,MasterSCM hidden confounding; Gamma=2,,Combined endpoint RMSE,0.8129867731814487,0.8129867731814487,1.0,21,world,MasterSCM/reports/additional_seeds_20_39/world_metrics_0_39.csv,,,,,2.0
(d),Sensitivity-Aware Inference,csa_pfn_msm,CSA-PFN + MSM,Sensitivity-aware CFM,MasterSCM hidden confounding; Gamma=2,,Combined endpoint RMSE,0.8215101443796394,0.8215101443796394,1.0,22,world,MasterSCM/reports/additional_seeds_20_39/world_metrics_0_39.csv,,,,,2.0
(d),Sensitivity-Aware Inference,csa_pfn_msm,CSA-PFN + MSM,Sensitivity-aware CFM,MasterSCM hidden confounding; Gamma=2,,Combined endpoint RMSE,0.8848154536582074,0.8848154536582074,1.0,23,world,MasterSCM/reports/additional_seeds_20_39/world_metrics_0_39.csv,,,,,2.0
(d),Sensitivity-Aware Inference,csa_pfn_msm,CSA-PFN + MSM,Sensitivity-aware CFM,MasterSCM hidden confounding; Gamma=2,,Combined endpoint RMSE,0.8187325678028439,0.8187325678028439,1.0,24,world,MasterSCM/reports/additional_seeds_20_39/world_metrics_0_39.csv,,,,,2.0
(d),Sensitivity-Aware Inference,csa_pfn_msm,CSA-PFN + MSM,Sensitivity-aware CFM,MasterSCM hidden confounding; Gamma=2,,Combined endpoint RMSE,0.8572110728696314,0.8572110728696314,1.0,25,world,MasterSCM/reports/additional_seeds_20_39/world_metrics_0_39.csv,,,,,2.0
(d),Sensitivity-Aware Inference,csa_pfn_msm,CSA-PFN + MSM,Sensitivity-aware CFM,MasterSCM hidden confounding; Gamma=2,,Combined endpoint RMSE,0.8611298534421391,0.8611298534421391,1.0,26,world,MasterSCM/reports/additional_seeds_20_39/world_metrics_0_39.csv,,,,,2.0
(d),Sensitivity-Aware Inference,csa_pfn_msm,CSA-PFN + MSM,Sensitivity-aware CFM,MasterSCM hidden confounding; Gamma=2,,Combined endpoint RMSE,0.8301874285351397,0.8301874285351397,1.0,27,world,MasterSCM/reports/additional_seeds_20_39/world_metrics_0_39.csv,,,,,2.0
(d),Sensitivity-Aware Inference,csa_pfn_msm,CSA-PFN + MSM,Sensitivity-aware CFM,MasterSCM hidden confounding; Gamma=2,,Combined endpoint RMSE,0.8112993689431555,0.8112993689431555,1.0,28,world,MasterSCM/reports/additional_seeds_20_39/world_metrics_0_39.csv,,,,,2.0
(d),Sensitivity-Aware Inference,csa_pfn_msm,CSA-PFN + MSM,Sensitivity-aware CFM,MasterSCM hidden confounding; Gamma=2,,Combined endpoint RMSE,0.7429890162199826,0.7429890162199826,1.0,29,world,MasterSCM/reports/additional_seeds_20_39/world_metrics_0_39.csv,,,,,2.0
(d),Sensitivity-Aware Inference,csa_pfn_msm,CSA-PFN + MSM,Sensitivity-aware CFM,MasterSCM hidden confounding; Gamma=2,,Combined endpoint RMSE,0.8587011123610113,0.8587011123610113,1.0,30,world,MasterSCM/reports/additional_seeds_20_39/world_metrics_0_39.csv,,,,,2.0
(d),Sensitivity-Aware Inference,csa_pfn_msm,CSA-PFN + MSM,Sensitivity-aware CFM,MasterSCM hidden confounding; Gamma=2,,Combined endpoint RMSE,0.8124453011147726,0.8124453011147726,1.0,31,world,MasterSCM/reports/additional_seeds_20_39/world_metrics_0_39.csv,,,,,2.0
(d),Sensitivity-Aware Inference,csa_pfn_msm,CSA-PFN + MSM,Sensitivity-aware CFM,MasterSCM hidden confounding; Gamma=2,,Combined endpoint RMSE,0.88549694522327,0.88549694522327,1.0,32,world,MasterSCM/reports/additional_seeds_20_39/world_metrics_0_39.csv,,,,,2.0
(d),Sensitivity-Aware Inference,csa_pfn_msm,CSA-PFN + MSM,Sensitivity-aware CFM,MasterSCM hidden confounding; Gamma=2,,Combined endpoint RMSE,0.818709296517096,0.818709296517096,1.0,33,world,MasterSCM/reports/additional_seeds_20_39/world_metrics_0_39.csv,,,,,2.0
(d),Sensitivity-Aware Inference,csa_pfn_msm,CSA-PFN + MSM,Sensitivity-aware CFM,MasterSCM hidden confounding; Gamma=2,,Combined endpoint RMSE,0.7929674719307142,0.7929674719307142,1.0,34,world,MasterSCM/reports/additional_seeds_20_39/world_metrics_0_39.csv,,,,,2.0
(d),Sensitivity-Aware Inference,csa_pfn_msm,CSA-PFN + MSM,Sensitivity-aware CFM,MasterSCM hidden confounding; Gamma=2,,Combined endpoint RMSE,0.7943680253675347,0.7943680253675347,1.0,35,world,MasterSCM/reports/additional_seeds_20_39/world_metrics_0_39.csv,,,,,2.0
(d),Sensitivity-Aware Inference,csa_pfn_msm,CSA-PFN + MSM,Sensitivity-aware CFM,MasterSCM hidden confounding; Gamma=2,,Combined endpoint RMSE,0.8460651124366069,0.8460651124366069,1.0,36,world,MasterSCM/reports/additional_seeds_20_39/world_metrics_0_39.csv,,,,,2.0
(d),Sensitivity-Aware Inference,csa_pfn_msm,CSA-PFN + MSM,Sensitivity-aware CFM,MasterSCM hidden confounding; Gamma=2,,Combined endpoint RMSE,0.8630162056868814,0.8630162056868814,1.0,37,world,MasterSCM/reports/additional_seeds_20_39/world_metrics_0_39.csv,,,,,2.0
(d),Sensitivity-Aware Inference,csa_pfn_msm,CSA-PFN + MSM,Sensitivity-aware CFM,MasterSCM hidden confounding; Gamma=2,,Combined endpoint RMSE,0.8184959312454034,0.8184959312454034,1.0,38,world,MasterSCM/reports/additional_seeds_20_39/world_metrics_0_39.csv,,,,,2.0
(d),Sensitivity-Aware Inference,csa_pfn_msm,CSA-PFN + MSM,Sensitivity-aware CFM,MasterSCM hidden confounding; Gamma=2,,Combined endpoint RMSE,0.9147613124202704,0.9147613124202704,1.0,39,world,MasterSCM/reports/additional_seeds_20_39/world_metrics_0_39.csv,,,,,2.0
(d),Sensitivity-Aware Inference,b_learner,B-Learner,Sensitivity baselines,MasterSCM hidden confounding; Gamma=2,,Combined endpoint RMSE,0.5439067469213218,0.5439067469213218,1.0,0,world,MasterSCM/reports/additional_seeds_20_39/world_metrics_0_39.csv,,,,,2.0
(d),Sensitivity-Aware Inference,b_learner,B-Learner,Sensitivity baselines,MasterSCM hidden confounding; Gamma=2,,Combined endpoint RMSE,0.6109960239406321,0.6109960239406321,1.0,1,world,MasterSCM/reports/additional_seeds_20_39/world_metrics_0_39.csv,,,,,2.0
(d),Sensitivity-Aware Inference,b_learner,B-Learner,Sensitivity baselines,MasterSCM hidden confounding; Gamma=2,,Combined endpoint RMSE,0.5587649206655706,0.5587649206655706,1.0,2,world,MasterSCM/reports/additional_seeds_20_39/world_metrics_0_39.csv,,,,,2.0
(d),Sensitivity-Aware Inference,b_learner,B-Learner,Sensitivity baselines,MasterSCM hidden confounding; Gamma=2,,Combined endpoint RMSE,0.646292648232828,0.646292648232828,1.0,3,world,MasterSCM/reports/additional_seeds_20_39/world_metrics_0_39.csv,,,,,2.0
(d),Sensitivity-Aware Inference,b_learner,B-Learner,Sensitivity baselines,MasterSCM hidden confounding; Gamma=2,,Combined endpoint RMSE,0.5751508635733309,0.5751508635733309,1.0,4,world,MasterSCM/reports/additional_seeds_20_39/world_metrics_0_39.csv,,,,,2.0
(d),Sensitivity-Aware Inference,b_learner,B-Learner,Sensitivity baselines,MasterSCM hidden confounding; Gamma=2,,Combined endpoint RMSE,0.5733463483685807,0.5733463483685807,1.0,5,world,MasterSCM/reports/additional_seeds_20_39/world_metrics_0_39.csv,,,,,2.0
(d),Sensitivity-Aware Inference,b_learner,B-Learner,Sensitivity baselines,MasterSCM hidden confounding; Gamma=2,,Combined endpoint RMSE,0.595474720185141,0.595474720185141,1.0,6,world,MasterSCM/reports/additional_seeds_20_39/world_metrics_0_39.csv,,,,,2.0
(d),Sensitivity-Aware Inference,b_learner,B-Learner,Sensitivity baselines,MasterSCM hidden confounding; Gamma=2,,Combined endpoint RMSE,0.6165784606788235,0.6165784606788235,1.0,7,world,MasterSCM/reports/additional_seeds_20_39/world_metrics_0_39.csv,,,,,2.0
(d),Sensitivity-Aware Inference,b_learner,B-Learner,Sensitivity baselines,MasterSCM hidden confounding; Gamma=2,,Combined endpoint RMSE,0.5956113668349609,0.5956113668349609,1.0,8,world,MasterSCM/reports/additional_seeds_20_39/world_metrics_0_39.csv,,,,,2.0
(d),Sensitivity-Aware Inference,b_learner,B-Learner,Sensitivity baselines,MasterSCM hidden confounding; Gamma=2,,Combined endpoint RMSE,0.5465839026641682,0.5465839026641682,1.0,9,world,MasterSCM/reports/additional_seeds_20_39/world_metrics_0_39.csv,,,,,2.0
(d),Sensitivity-Aware Inference,b_learner,B-Learner,Sensitivity baselines,MasterSCM hidden confounding; Gamma=2,,Combined endpoint RMSE,0.5613365077160449,0.5613365077160449,1.0,10,world,MasterSCM/reports/additional_seeds_20_39/world_metrics_0_39.csv,,,,,2.0
(d),Sensitivity-Aware Inference,b_learner,B-Learner,Sensitivity baselines,MasterSCM hidden confounding; Gamma=2,,Combined endpoint RMSE,0.7046770400398763,0.7046770400398763,1.0,11,world,MasterSCM/reports/additional_seeds_20_39/world_metrics_0_39.csv,,,,,2.0
(d),Sensitivity-Aware Inference,b_learner,B-Learner,Sensitivity baselines,MasterSCM hidden confounding; Gamma=2,,Combined endpoint RMSE,0.6102460404672638,0.6102460404672638,1.0,12,world,MasterSCM/reports/additional_seeds_20_39/world_metrics_0_39.csv,,,,,2.0
(d),Sensitivity-Aware Inference,b_learner,B-Learner,Sensitivity baselines,MasterSCM hidden confounding; Gamma=2,,Combined endpoint RMSE,0.6322259656529923,0.6322259656529923,1.0,13,world,MasterSCM/reports/additional_seeds_20_39/world_metrics_0_39.csv,,,,,2.0
(d),Sensitivity-Aware Inference,b_learner,B-Learner,Sensitivity baselines,MasterSCM hidden confounding; Gamma=2,,Combined endpoint RMSE,0.5866062323424538,0.5866062323424538,1.0,14,world,MasterSCM/reports/additional_seeds_20_39/world_metrics_0_39.csv,,,,,2.0
(d),Sensitivity-Aware Inference,b_learner,B-Learner,Sensitivity baselines,MasterSCM hidden confounding; Gamma=2,,Combined endpoint RMSE,0.6470126513653234,0.6470126513653234,1.0,15,world,MasterSCM/reports/additional_seeds_20_39/world_metrics_0_39.csv,,,,,2.0
(d),Sensitivity-Aware Inference,b_learner,B-Learner,Sensitivity baselines,MasterSCM hidden confounding; Gamma=2,,Combined endpoint RMSE,0.6469257232812583,0.6469257232812583,1.0,16,world,MasterSCM/reports/additional_seeds_20_39/world_metrics_0_39.csv,,,,,2.0
(d),Sensitivity-Aware Inference,b_learner,B-Learner,Sensitivity baselines,MasterSCM hidden confounding; Gamma=2,,Combined endpoint RMSE,0.5933326700579532,0.5933326700579532,1.0,17,world,MasterSCM/reports/additional_seeds_20_39/world_metrics_0_39.csv,,,,,2.0
(d),Sensitivity-Aware Inference,b_learner,B-Learner,Sensitivity baselines,MasterSCM hidden confounding; Gamma=2,,Combined endpoint RMSE,0.6313007244265507,0.6313007244265507,1.0,18,world,MasterSCM/reports/additional_seeds_20_39/world_metrics_0_39.csv,,,,,2.0
(d),Sensitivity-Aware Inference,b_learner,B-Learner,Sensitivity baselines,MasterSCM hidden confounding; Gamma=2,,Combined endpoint RMSE,0.6802129350631341,0.6802129350631341,1.0,19,world,MasterSCM/reports/additional_seeds_20_39/world_metrics_0_39.csv,,,,,2.0
(d),Sensitivity-Aware Inference,b_learner,B-Learner,Sensitivity baselines,MasterSCM hidden confounding; Gamma=2,,Combined endpoint RMSE,0.5894071213754032,0.5894071213754032,1.0,20,world,MasterSCM/reports/additional_seeds_20_39/world_metrics_0_39.csv,,,,,2.0
(d),Sensitivity-Aware Inference,b_learner,B-Learner,Sensitivity baselines,MasterSCM hidden confounding; Gamma=2,,Combined endpoint RMSE,0.520524923708657,0.520524923708657,1.0,21,world,MasterSCM/reports/additional_seeds_20_39/world_metrics_0_39.csv,,,,,2.0
(d),Sensitivity-Aware Inference,b_learner,B-Learner,Sensitivity baselines,MasterSCM hidden confounding; Gamma=2,,Combined endpoint RMSE,0.689365996165178,0.689365996165178,1.0,22,world,MasterSCM/reports/additional_seeds_20_39/world_metrics_0_39.csv,,,,,2.0
(d),Sensitivity-Aware Inference,b_learner,B-Learner,Sensitivity baselines,MasterSCM hidden confounding; Gamma=2,,Combined endpoint RMSE,0.7678807736512574,0.7678807736512574,1.0,23,world,MasterSCM/reports/additional_seeds_20_39/world_metrics_0_39.csv,,,,,2.0
(d),Sensitivity-Aware Inference,b_learner,B-Learner,Sensitivity baselines,MasterSCM hidden confounding; Gamma=2,,Combined endpoint RMSE,0.540822248013817,0.540822248013817,1.0,24,world,MasterSCM/reports/additional_seeds_20_39/world_metrics_0_39.csv,,,,,2.0
(d),Sensitivity-Aware Inference,b_learner,B-Learner,Sensitivity baselines,MasterSCM hidden confounding; Gamma=2,,Combined endpoint RMSE,0.5831233446613708,0.5831233446613708,1.0,25,world,MasterSCM/reports/additional_seeds_20_39/world_metrics_0_39.csv,,,,,2.0
(d),Sensitivity-Aware Inference,b_learner,B-Learner,Sensitivity baselines,MasterSCM hidden confounding; Gamma=2,,Combined endpoint RMSE,0.5882026969738339,0.5882026969738339,1.0,26,world,MasterSCM/reports/additional_seeds_20_39/world_metrics_0_39.csv,,,,,2.0
(d),Sensitivity-Aware Inference,b_learner,B-Learner,Sensitivity baselines,MasterSCM hidden confounding; Gamma=2,,Combined endpoint RMSE,0.6293326965866114,0.6293326965866114,1.0,27,world,MasterSCM/reports/additional_seeds_20_39/world_metrics_0_39.csv,,,,,2.0
(d),Sensitivity-Aware Inference,b_learner,B-Learner,Sensitivity baselines,MasterSCM hidden confounding; Gamma=2,,Combined endpoint RMSE,0.6658602163249329,0.6658602163249329,1.0,28,world,MasterSCM/reports/additional_seeds_20_39/world_metrics_0_39.csv,,,,,2.0
(d),Sensitivity-Aware Inference,b_learner,B-Learner,Sensitivity baselines,MasterSCM hidden confounding; Gamma=2,,Combined endpoint RMSE,0.5689437776506303,0.5689437776506303,1.0,29,world,MasterSCM/reports/additional_seeds_20_39/world_metrics_0_39.csv,,,,,2.0
(d),Sensitivity-Aware Inference,b_learner,B-Learner,Sensitivity baselines,MasterSCM hidden confounding; Gamma=2,,Combined endpoint RMSE,0.5808983262044616,0.5808983262044616,1.0,30,world,MasterSCM/reports/additional_seeds_20_39/world_metrics_0_39.csv,,,,,2.0
(d),Sensitivity-Aware Inference,b_learner,B-Learner,Sensitivity baselines,MasterSCM hidden confounding; Gamma=2,,Combined endpoint RMSE,0.6550017643416056,0.6550017643416056,1.0,31,world,MasterSCM/reports/additional_seeds_20_39/world_metrics_0_39.csv,,,,,2.0
(d),Sensitivity-Aware Inference,b_learner,B-Learner,Sensitivity baselines,MasterSCM hidden confounding; Gamma=2,,Combined endpoint RMSE,0.576622919400629,0.576622919400629,1.0,32,world,MasterSCM/reports/additional_seeds_20_39/world_metrics_0_39.csv,,,,,2.0
(d),Sensitivity-Aware Inference,b_learner,B-Learner,Sensitivity baselines,MasterSCM hidden confounding; Gamma=2,,Combined endpoint RMSE,0.688223877343772,0.688223877343772,1.0,33,world,MasterSCM/reports/additional_seeds_20_39/world_metrics_0_39.csv,,,,,2.0
(d),Sensitivity-Aware Inference,b_learner,B-Learner,Sensitivity baselines,MasterSCM hidden confounding; Gamma=2,,Combined endpoint RMSE,0.6068616804334444,0.6068616804334444,1.0,34,world,MasterSCM/reports/additional_seeds_20_39/world_metrics_0_39.csv,,,,,2.0
(d),Sensitivity-Aware Inference,b_learner,B-Learner,Sensitivity baselines,MasterSCM hidden confounding; Gamma=2,,Combined endpoint RMSE,0.5576285264901442,0.5576285264901442,1.0,35,world,MasterSCM/reports/additional_seeds_20_39/world_metrics_0_39.csv,,,,,2.0
(d),Sensitivity-Aware Inference,b_learner,B-Learner,Sensitivity baselines,MasterSCM hidden confounding; Gamma=2,,Combined endpoint RMSE,0.6264526759996819,0.6264526759996819,1.0,36,world,MasterSCM/reports/additional_seeds_20_39/world_metrics_0_39.csv,,,,,2.0
(d),Sensitivity-Aware Inference,b_learner,B-Learner,Sensitivity baselines,MasterSCM hidden confounding; Gamma=2,,Combined endpoint RMSE,0.5413209560414867,0.5413209560414867,1.0,37,world,MasterSCM/reports/additional_seeds_20_39/world_metrics_0_39.csv,,,,,2.0
(d),Sensitivity-Aware Inference,b_learner,B-Learner,Sensitivity baselines,MasterSCM hidden confounding; Gamma=2,,Combined endpoint RMSE,0.6034399197422576,0.6034399197422576,1.0,38,world,MasterSCM/reports/additional_seeds_20_39/world_metrics_0_39.csv,,,,,2.0
(d),Sensitivity-Aware Inference,b_learner,B-Learner,Sensitivity baselines,MasterSCM hidden confounding; Gamma=2,,Combined endpoint RMSE,0.6263399572889439,0.6263399572889439,1.0,39,world,MasterSCM/reports/additional_seeds_20_39/world_metrics_0_39.csv,,,,,2.0
(d),Sensitivity-Aware Inference,neuralcsa,NeuralCSA,Sensitivity baselines,MasterSCM hidden confounding; Gamma=2,,Combined endpoint RMSE,0.6829451338012794,0.6829451338012794,1.0,0,world,MasterSCM/reports/additional_seeds_20_39/world_metrics_0_39.csv,,,,,2.0
(d),Sensitivity-Aware Inference,neuralcsa,NeuralCSA,Sensitivity baselines,MasterSCM hidden confounding; Gamma=2,,Combined endpoint RMSE,0.7333592380244665,0.7333592380244665,1.0,1,world,MasterSCM/reports/additional_seeds_20_39/world_metrics_0_39.csv,,,,,2.0
(d),Sensitivity-Aware Inference,neuralcsa,NeuralCSA,Sensitivity baselines,MasterSCM hidden confounding; Gamma=2,,Combined endpoint RMSE,0.7187148971704935,0.7187148971704935,1.0,2,world,MasterSCM/reports/additional_seeds_20_39/world_metrics_0_39.csv,,,,,2.0
(d),Sensitivity-Aware Inference,neuralcsa,NeuralCSA,Sensitivity baselines,MasterSCM hidden confounding; Gamma=2,,Combined endpoint RMSE,0.7310549614126359,0.7310549614126359,1.0,3,world,MasterSCM/reports/additional_seeds_20_39/world_metrics_0_39.csv,,,,,2.0
(d),Sensitivity-Aware Inference,neuralcsa,NeuralCSA,Sensitivity baselines,MasterSCM hidden confounding; Gamma=2,,Combined endpoint RMSE,0.7801830000111479,0.7801830000111479,1.0,4,world,MasterSCM/reports/additional_seeds_20_39/world_metrics_0_39.csv,,,,,2.0
(d),Sensitivity-Aware Inference,neuralcsa,NeuralCSA,Sensitivity baselines,MasterSCM hidden confounding; Gamma=2,,Combined endpoint RMSE,0.5438582302540969,0.5438582302540969,1.0,5,world,MasterSCM/reports/additional_seeds_20_39/world_metrics_0_39.csv,,,,,2.0
(d),Sensitivity-Aware Inference,neuralcsa,NeuralCSA,Sensitivity baselines,MasterSCM hidden confounding; Gamma=2,,Combined endpoint RMSE,0.6276313755562832,0.6276313755562832,1.0,6,world,MasterSCM/reports/additional_seeds_20_39/world_metrics_0_39.csv,,,,,2.0
(d),Sensitivity-Aware Inference,neuralcsa,NeuralCSA,Sensitivity baselines,MasterSCM hidden confounding; Gamma=2,,Combined endpoint RMSE,0.6778640388962611,0.6778640388962611,1.0,7,world,MasterSCM/reports/additional_seeds_20_39/world_metrics_0_39.csv,,,,,2.0
(d),Sensitivity-Aware Inference,neuralcsa,NeuralCSA,Sensitivity baselines,MasterSCM hidden confounding; Gamma=2,,Combined endpoint RMSE,0.6557665445697142,0.6557665445697142,1.0,8,world,MasterSCM/reports/additional_seeds_20_39/world_metrics_0_39.csv,,,,,2.0
(d),Sensitivity-Aware Inference,neuralcsa,NeuralCSA,Sensitivity baselines,MasterSCM hidden confounding; Gamma=2,,Combined endpoint RMSE,0.6975455514187889,0.6975455514187889,1.0,9,world,MasterSCM/reports/additional_seeds_20_39/world_metrics_0_39.csv,,,,,2.0
(d),Sensitivity-Aware Inference,neuralcsa,NeuralCSA,Sensitivity baselines,MasterSCM hidden confounding; Gamma=2,,Combined endpoint RMSE,0.5948087234024199,0.5948087234024199,1.0,10,world,MasterSCM/reports/additional_seeds_20_39/world_metrics_0_39.csv,,,,,2.0
(d),Sensitivity-Aware Inference,neuralcsa,NeuralCSA,Sensitivity baselines,MasterSCM hidden confounding; Gamma=2,,Combined endpoint RMSE,0.7001625902268475,0.7001625902268475,1.0,11,world,MasterSCM/reports/additional_seeds_20_39/world_metrics_0_39.csv,,,,,2.0
(d),Sensitivity-Aware Inference,neuralcsa,NeuralCSA,Sensitivity baselines,MasterSCM hidden confounding; Gamma=2,,Combined endpoint RMSE,0.8276353721646832,0.8276353721646832,1.0,12,world,MasterSCM/reports/additional_seeds_20_39/world_metrics_0_39.csv,,,,,2.0
(d),Sensitivity-Aware Inference,neuralcsa,NeuralCSA,Sensitivity baselines,MasterSCM hidden confounding; Gamma=2,,Combined endpoint RMSE,0.847144522287406,0.847144522287406,1.0,13,world,MasterSCM/reports/additional_seeds_20_39/world_metrics_0_39.csv,,,,,2.0
(d),Sensitivity-Aware Inference,neuralcsa,NeuralCSA,Sensitivity baselines,MasterSCM hidden confounding; Gamma=2,,Combined endpoint RMSE,0.6851448158454598,0.6851448158454598,1.0,14,world,MasterSCM/reports/additional_seeds_20_39/world_metrics_0_39.csv,,,,,2.0
(d),Sensitivity-Aware Inference,neuralcsa,NeuralCSA,Sensitivity baselines,MasterSCM hidden confounding; Gamma=2,,Combined endpoint RMSE,0.6190402941224118,0.6190402941224118,1.0,15,world,MasterSCM/reports/additional_seeds_20_39/world_metrics_0_39.csv,,,,,2.0
(d),Sensitivity-Aware Inference,neuralcsa,NeuralCSA,Sensitivity baselines,MasterSCM hidden confounding; Gamma=2,,Combined endpoint RMSE,0.6597886287652331,0.6597886287652331,1.0,16,world,MasterSCM/reports/additional_seeds_20_39/world_metrics_0_39.csv,,,,,2.0
(d),Sensitivity-Aware Inference,neuralcsa,NeuralCSA,Sensitivity baselines,MasterSCM hidden confounding; Gamma=2,,Combined endpoint RMSE,0.6408050052395805,0.6408050052395805,1.0,17,world,MasterSCM/reports/additional_seeds_20_39/world_metrics_0_39.csv,,,,,2.0
(d),Sensitivity-Aware Inference,neuralcsa,NeuralCSA,Sensitivity baselines,MasterSCM hidden confounding; Gamma=2,,Combined endpoint RMSE,0.8456007013515852,0.8456007013515852,1.0,18,world,MasterSCM/reports/additional_seeds_20_39/world_metrics_0_39.csv,,,,,2.0
(d),Sensitivity-Aware Inference,neuralcsa,NeuralCSA,Sensitivity baselines,MasterSCM hidden confounding; Gamma=2,,Combined endpoint RMSE,0.7051594815047635,0.7051594815047635,1.0,19,world,MasterSCM/reports/additional_seeds_20_39/world_metrics_0_39.csv,,,,,2.0
(d),Sensitivity-Aware Inference,neuralcsa,NeuralCSA,Sensitivity baselines,MasterSCM hidden confounding; Gamma=2,,Combined endpoint RMSE,0.6497505635972944,0.6497505635972944,1.0,20,world,MasterSCM/reports/additional_seeds_20_39/world_metrics_0_39.csv,,,,,2.0
(d),Sensitivity-Aware Inference,neuralcsa,NeuralCSA,Sensitivity baselines,MasterSCM hidden confounding; Gamma=2,,Combined endpoint RMSE,0.6714748334298573,0.6714748334298573,1.0,21,world,MasterSCM/reports/additional_seeds_20_39/world_metrics_0_39.csv,,,,,2.0
(d),Sensitivity-Aware Inference,neuralcsa,NeuralCSA,Sensitivity baselines,MasterSCM hidden confounding; Gamma=2,,Combined endpoint RMSE,0.6875794872486513,0.6875794872486513,1.0,22,world,MasterSCM/reports/additional_seeds_20_39/world_metrics_0_39.csv,,,,,2.0
(d),Sensitivity-Aware Inference,neuralcsa,NeuralCSA,Sensitivity baselines,MasterSCM hidden confounding; Gamma=2,,Combined endpoint RMSE,0.6783382952657023,0.6783382952657023,1.0,23,world,MasterSCM/reports/additional_seeds_20_39/world_metrics_0_39.csv,,,,,2.0
(d),Sensitivity-Aware Inference,neuralcsa,NeuralCSA,Sensitivity baselines,MasterSCM hidden confounding; Gamma=2,,Combined endpoint RMSE,0.5673611117524442,0.5673611117524442,1.0,24,world,MasterSCM/reports/additional_seeds_20_39/world_metrics_0_39.csv,,,,,2.0
(d),Sensitivity-Aware Inference,neuralcsa,NeuralCSA,Sensitivity baselines,MasterSCM hidden confounding; Gamma=2,,Combined endpoint RMSE,0.8038020560951596,0.8038020560951596,1.0,25,world,MasterSCM/reports/additional_seeds_20_39/world_metrics_0_39.csv,,,,,2.0
(d),Sensitivity-Aware Inference,neuralcsa,NeuralCSA,Sensitivity baselines,MasterSCM hidden confounding; Gamma=2,,Combined endpoint RMSE,0.6833992916331022,0.6833992916331022,1.0,26,world,MasterSCM/reports/additional_seeds_20_39/world_metrics_0_39.csv,,,,,2.0
(d),Sensitivity-Aware Inference,neuralcsa,NeuralCSA,Sensitivity baselines,MasterSCM hidden confounding; Gamma=2,,Combined endpoint RMSE,0.6446749790714842,0.6446749790714842,1.0,27,world,MasterSCM/reports/additional_seeds_20_39/world_metrics_0_39.csv,,,,,2.0
(d),Sensitivity-Aware Inference,neuralcsa,NeuralCSA,Sensitivity baselines,MasterSCM hidden confounding; Gamma=2,,Combined endpoint RMSE,0.6671096784441313,0.6671096784441313,1.0,28,world,MasterSCM/reports/additional_seeds_20_39/world_metrics_0_39.csv,,,,,2.0
(d),Sensitivity-Aware Inference,neuralcsa,NeuralCSA,Sensitivity baselines,MasterSCM hidden confounding; Gamma=2,,Combined endpoint RMSE,0.5844780099491644,0.5844780099491644,1.0,29,world,MasterSCM/reports/additional_seeds_20_39/world_metrics_0_39.csv,,,,,2.0
(d),Sensitivity-Aware Inference,neuralcsa,NeuralCSA,Sensitivity baselines,MasterSCM hidden confounding; Gamma=2,,Combined endpoint RMSE,0.6214560467414351,0.6214560467414351,1.0,30,world,MasterSCM/reports/additional_seeds_20_39/world_metrics_0_39.csv,,,,,2.0
(d),Sensitivity-Aware Inference,neuralcsa,NeuralCSA,Sensitivity baselines,MasterSCM hidden confounding; Gamma=2,,Combined endpoint RMSE,0.6875225862677714,0.6875225862677714,1.0,31,world,MasterSCM/reports/additional_seeds_20_39/world_metrics_0_39.csv,,,,,2.0
(d),Sensitivity-Aware Inference,neuralcsa,NeuralCSA,Sensitivity baselines,MasterSCM hidden confounding; Gamma=2,,Combined endpoint RMSE,0.6158314889746788,0.6158314889746788,1.0,32,world,MasterSCM/reports/additional_seeds_20_39/world_metrics_0_39.csv,,,,,2.0
(d),Sensitivity-Aware Inference,neuralcsa,NeuralCSA,Sensitivity baselines,MasterSCM hidden confounding; Gamma=2,,Combined endpoint RMSE,0.7076802283266904,0.7076802283266904,1.0,33,world,MasterSCM/reports/additional_seeds_20_39/world_metrics_0_39.csv,,,,,2.0
(d),Sensitivity-Aware Inference,neuralcsa,NeuralCSA,Sensitivity baselines,MasterSCM hidden confounding; Gamma=2,,Combined endpoint RMSE,0.7369124347105308,0.7369124347105308,1.0,34,world,MasterSCM/reports/additional_seeds_20_39/world_metrics_0_39.csv,,,,,2.0
(d),Sensitivity-Aware Inference,neuralcsa,NeuralCSA,Sensitivity baselines,MasterSCM hidden confounding; Gamma=2,,Combined endpoint RMSE,0.6719041614511135,0.6719041614511135,1.0,35,world,MasterSCM/reports/additional_seeds_20_39/world_metrics_0_39.csv,,,,,2.0
(d),Sensitivity-Aware Inference,neuralcsa,NeuralCSA,Sensitivity baselines,MasterSCM hidden confounding; Gamma=2,,Combined endpoint RMSE,0.7086241241929252,0.7086241241929252,1.0,36,world,MasterSCM/reports/additional_seeds_20_39/world_metrics_0_39.csv,,,,,2.0
(d),Sensitivity-Aware Inference,neuralcsa,NeuralCSA,Sensitivity baselines,MasterSCM hidden confounding; Gamma=2,,Combined endpoint RMSE,0.6164591441873496,0.6164591441873496,1.0,37,world,MasterSCM/reports/additional_seeds_20_39/world_metrics_0_39.csv,,,,,2.0
(d),Sensitivity-Aware Inference,neuralcsa,NeuralCSA,Sensitivity baselines,MasterSCM hidden confounding; Gamma=2,,Combined endpoint RMSE,0.773560191832278,0.773560191832278,1.0,38,world,MasterSCM/reports/additional_seeds_20_39/world_metrics_0_39.csv,,,,,2.0
(d),Sensitivity-Aware Inference,neuralcsa,NeuralCSA,Sensitivity baselines,MasterSCM hidden confounding; Gamma=2,,Combined endpoint RMSE,0.8019985317092319,0.8019985317092319,1.0,39,world,MasterSCM/reports/additional_seeds_20_39/world_metrics_0_39.csv,,,,,2.0
